Name	Title	Coding
t3_k07ocv	US election: Biden becomes first-ever presidential candidate to receive 80 million votes	
t3_k08ewo	Brennan takes final shot at Trump: 'I leave his fate to our judicial system, his infamy to history, &amp; his legacy to a trash heap'	
t3_k07nxi	Pennsylvania certifies Biden's victory	
t3_k028s9	Roger Stone-Tied Group Threatens GOP: If Trump Goes Down, So Does Your Senate Majority	
t3_k08slh	On Night of Ginsburg’s Death, McConnell Pushed Trump to Nominate Amy Coney Barrett	
t3_jzvxxd	Trump campaign loses 5 more cases in Pennsylvania Supreme Court decision	
t3_k055sr	Republicans sold out democracy to appease Trump's loser tantrum	
t3_k07sfh	It Actually Was a Landslide: 80 Million Votes and Counting For Biden; The “red mirage” has vanished to reveal a blue mandate for President-Elect Joe Biden	
t3_k0az01	Biden accuses Trump of ‘outright cruelty’ at the border as he introduces Homeland Security pick	
t3_k06l7z	Yes, the Biden administration should hold Trump accountable	
t3_jzuvas	Report of a 'souring' relationship between Trump and Giuliani	
t3_k05kkv	Every Day Trump Repeatedly Emails His Supporters a Dangerous Message: Democracy Doesn’t Work. Be outraged, don’t accept the election results…and send money.	
t3_k02n7d	Should Trump Be Prosecuted?	
t3_jzv0k7	Politicizing masks ‘is like politicizing toilet paper,’ Biden coronavirus adviser says	
t3_k047z0	Press: Trump's biggest fear is — lock him up	
t3_jzx12o	Here Come the Adults | Biden’s Cabinet is shaping up to be everything that Trump’s was not.	
t3_jzyvdn	"Lindsey Graham calls Biden, Pelosi and Schumer ""trifecta from hell,"" says they'll end Electoral College"	
t3_jzvqda	Trump Lawyer Appears on Fox Touting ‘Promising’ Case in Pennsylvania After It’s Thrown Out by Judge	
t3_k03h7b	Trump Push To Invalidate Votes In Heavily Black Cities Alarms Civil Rights Groups	
t3_k02ya3	Rachel Maddow Rings The Alarm On How Trump's 'Setting The Place On Fire' As He Leaves	
t3_k05npo	Trump Is Still President, Even Though He’s Not Acting Like One | The federal government has essentially stopped functioning as a federal government.	
t3_jzv6i4	‘Bye bye Trump’: Ilhan Omar and others celebrate as president finally begins transition	
t3_k05r0v	Enough cowardice: Democrats must forge ahead, without caring what the Trumpers say	
t3_jzwk4e	The Secret Service is reportedly preparing for Trump's 'post-presidency life'	
t3_jzuphz	Trump goes out with a whimper and a tweet. It was always going to be that way	
t3_k07u24	Pennsylvania governor: Democrat Joe Biden certified as winner of presidential election in state	
t3_jzw3ni	75 Percent Of Lawyers Say They Wouldn’t Support Their Firm If They Represented Donald Trump — Lawyers do *not* approve of what Jones Day's doing.	
t3_k0bsrn	"Ivanka Trump called out for boasting about drop in greenhouse emissions: ""This is largely because of the pandemic"""	
t3_k03r9y	‘A passing attempt at adulthood’: Stacey Abrams gives scathing reaction to Trump finally starting transition	
t3_k04x2c	Cannabis stocks surge after Trump administration sets formal transition in motion	
t3_k03hse	Trump campaign loses 5 more election cases in Pennsylvania	
t3_k08z5i	President-Elect Joe Biden Clinches Presidency—Again—as Pennsylvania Certifies Election Results	
t3_jzvf9k	Dr. Redlener: Trump’s denial of science has ‘poisoned’ this country	
t3_k09ns0	Pennsylvania, Nevada certify Biden as winner of presidential vote	
t3_jzyoyz	Laura Ingraham Admits It’s Over for Trump: ‘Biden Will Be Inaugurated’	
t3_k0dtv5	White House has signed off on Joe Biden getting the President's Daily Brief	
t3_k0cdoc	Trump ignores reporter’s question about trying to pardon himself after doing so for turkey	
t3_k033f1	Republican official: Trump efforts to undermine Georgia results could 'suppress the vote' in U.S. Senate runoff elections	
t3_k05u50	Glum Laura Ingraham Tells Fox Viewers It’s Done: ‘I’d Be Lying’ If I Said Trump Still Had A Chance	
t3_k04a0b	Rush Limbaugh Criticizes Trump Campaign for Hyping Up 'Blockbuster' Voter Fraud Evidence: 'Nothing Happened… Not Good'	
t3_k06g46	'Shameful and Concerning He Is Even Being Considered,' Says AOC as Rahm Emanuel Floated for Role in Biden Cabinet	
t3_k06bmj	Trump Mocked After Telling GOP to Listen to Randy Quaid's Election Demand	
t3_jzy84b	Midtown Trump Tower To Have Reduced Security After President Leaves Office in January	
t3_jzx73a	Trump's effort to steal the election is done	
t3_k03iou	In Break From Trump, Biden Opts for Experience, Expertise for Top National Security Jobs	
t3_k09n7r	Nevada Supreme Court certifies Joe Biden's win in Nevada, making his win in the battleground state official	
t3_k05ixh	2 in 3 say coronavirus relief should be Biden's top priority in first 100 days: poll	
t3_jzvrkx	Trump came in promising so much winning. He’s going out with so much whining.	
t3_k04vzj	Trump’s dam finally breaks. But we cannot go through this again.	
t3_k00ahk	Trump says he ‘will never concede’ and transition process has nothing to do with election result	
t3_k06pds	Fox News' Laura Ingraham and Tucker Carlson distance themselves from Trump	
t3_k04qk9	Jon Ossoff Tries to Drive Wedge Between Georgia Trump Voters, GOP Senate Candidates Over Biden Win	
t3_k0942q	Melania Trump wanted to light the White House with rainbow colors for Pride month. She got told no.	
t3_k0d1g3	'Well That Was Weird as Sh*t': As More States Certify His Defeat, Trump Holds 60-Second Briefing to Brag About Stock Market	
t3_k0ahv4	Judge Emmet Sullivan Will Oversee Voting Rights Act Case Accusing Trump of Anti-Black Campaign to Overturn Election	
t3_k07q55	Joe Biden crosses 80 million votes, 10 million more than Obama got	
t3_k0azls	Trump’s Enablers Are Sabotaging the Georgia Senate Runoff Election–and Helping Democrats. There’s a weird, right-wing push to boycott January’s pivotal U.S. Senate runoffs. Is Trump angry enough to join it?	
t3_k03zxy	The EU thanks Joe Biden for his 'clear support' in Brexit dispute with the UK	
t3_k05ep2	Surgeon General Issues ‘Dire’ COVID-19 Warning As Trump White House Plans Indoor Parties	
t3_k08659	Pennsylvania certifies Biden victory	
t3_k0ammd	Nevada Supreme Court Certifies Biden’s Victory Over Trump	
t3_k0c5mr	Paul Ryan calls for Trump to accept results: 'The election is over'	
t3_k04620	'Beyond an embarrassment,' legal experts say of Trump and Giuliani's floundering efforts in court	
t3_k07zev	Computer repairman who claimed he gave Hunter Biden data to Giuliani closes shop as laptop saga gets stranger	
t3_k0a761	Trump brags about Dow 30,000 at surprise press conference, leaves after a minute	
t3_k09pwl	Atlanta Hawks Arena, Which Played Huge Role in Biden Winning Georgia, to be Used Again for Senate Runoffs	
t3_k0djl7	Trump Insists He’s Still Going to Be President as White House Landlord Asks For Forwarding Address for Security Deposit	
t3_jzzepz	Trump dismantles decades-old surveillance treaty irreparably on his way out the door	
t3_k07jm6	Column: Trump lost and his lawsuits are garbage. But please keep donating! The grift must go on.	
t3_jzyzyc	Should Joe Biden cancel billions in student loan debt?	
t3_k08kqr	Pennsylvania just certified its presidential election results, officially declaring Joe Biden the winner	
t3_k0dyrm	The Republican Party Is Dead. It’s the Trump Cult Now.	
t3_k0a31m	Biden-Harris ticket the first in US history to surpass 80 million votes	
t3_k02329	Revealed: Trump Officials Rush to Mine Desert Haven Native Tribes Consider Holy	
t3_jzwb0o	Sidney Powell Undermined Georgia GOP During Crucial Senate Runoff Before Trump Campaign Cut Her Loose	
t3_jzvx08	NYPD planning to reduce police presence, congestion around Trump Tower: Sources tell ABC News	
t3_jzy6dc	Biden Supporters In Pennsylvania Look Ahead To A 'Traditional Presidency'	
t3_k0ala4	Trump Turns to Randy Quaid for Guidance in Overthrowing Democracy	
t3_k08xyk	Democrats didn't refuse to acknowledge Trump’s 2016 victory	
t3_k0dwtt	75% of every donation to Trump's leadership PAC could actually be spent by the president himself on things like paying family members or financing a 2024 bid	
t3_jzvxtn	It’s time Republicans put country over Trump’s injured ego	
t3_k0f7jr	Biden unveils a national security team without grifters, trolls or fanatics	
t3_k08q8s	Joe Biden Certified As Winner Of Presidential Election In Pennsylvania	
t3_k0coc2	Trump is junking a treaty - and two planes - designed to stop nuclear war	
t3_k060rf	Laura Ingraham says that Biden will be president: ‘This constitutes living in reality’	
t3_jzx3px	Trump probably won’t be the last politician to reject an election outcome without evidence	
t3_k0feo8	Georgia Republican Voters Consider Boycott Of Special Senate Election In Support Of Trump	
t3_k04nof	Biden prioritizes climate crisis by naming John Kerry special envoy	
t3_k09pft	Pennsylvania Supreme Court rejects Trump campaign's effort to block counting certain absentee ballots	
t3_k0eshp	Trump Appointee Unconstitutionally Interfered With VOA, Judge Rules	
t3_k06dr2	No, It Wasn’t a Coup Attempt. It Was Another Trump Money Scam.	
t3_k0beyi	Donald Trump stands up for the Confederacy one last time	
t3_jzwgzq	Rush Limbaugh, Michigan, GSA hammer nails into coffin of Trump's election fraud claims	
t3_jzwrvx	NYT reporter Maggie Haberman thinks Trump's tweet is 'the closest to a concession' he'll give	
t3_k08fht	Rubio Receives Swift Dunking For Poor Attempt At Painting Biden As An Elitist	
t3_k061wu	Republicans With Any Love of Country Must Acknowledge That Trump Has Lost	
t3_k0359b	It's over for Trump	
t3_jzvflg	Pennsylvania counties certify election results despite isolated pushback and baseless fraud claims from Trump allies	
t3_k0e2uk	Donald Trump's Destruction Of Documents	
t3_jzx7gy	Rush Limbaugh knocks Trump's legal team: They promised 'bombshells' at press conference and 'nothing happened'	
t3_jzuuec	Biden team wants to understand Trump effort to 'hollow out government agencies'	
t3_k0dncv	Marco Rubio Gets Ripped For Criticizing Biden’s ‘Ivy League’ Foreign Policy Team	
t3_k00iks	Trump Dismantles Decades-Old Surveillance Treaty Irreparably On His Way Out The Door | Rachel Maddow	
t3_k0bfgp	Trump shares bizarre videos and tweets by actor Randy Quaid about voter fraud, Fox News	
t3_k0axma	Biden win over Trump in Nevada made official by court	
t3_jzvdc2	An OAN Host Has Been Helping Rudy With Trump’s Legal Efforts	
t3_k0d4sz	Canvassing board certifies Joe Biden's win in New Mexico	
t3_k09adn	Pennsylvania finalizes U.S. election results for Biden: governor	
t3_k08hk3	America survived Trump's coup attempt. The media needs to be clear about why.	
t3_jzyror	"Federal judge calls Trump suit argued by Rudy Giuliani ""Frankenstein's Monster"" and dismisses case"	
t3_k034z9	The Trump administration may privatize Fannie Mae and Freddie Mac — and it could disrupt the nation’s housing-finance system	
t3_k0dmkk	State board certifies Joe Biden as winner in Minnesota	
t3_k0as5g	Judge rebukes another frivolous Trump lawsuit, allowing Pennsylvania to certify results	
t3_k0c4gk	Gov. Doug Ducey: 'Joe Biden did win Arizona'	
t3_k0f9d4	'Well that was weird as s***': Reporters caught on hot mic baffled by Trump's minute long press conference | The president previously warned voters that the stock market would tank if Joe Biden won the election	
t3_k07b93	Donald Trump Is Now Retweeting Randy Quaid’s Election Rants And Do-Over Calls	
t3_k07txz	Pennsylvania certifies Biden as winner of presidential vote	
t3_k024k0	Biden says the Trump White House won't give him COVID stockpile information. Here it is.	
t3_k0a3tb	Trump shares Randy Quaid video: 'Fox is dead to me'	
t3_k0afvh	Ducey acknowledges Biden victory in Arizona for 1st time	
t3_k08vm4	Pennsylvania certifies Biden’s victory as battlegrounds make 2020 results official	
t3_k081o8	Pennsylvania certifies results of 2020 presidential election, giving Biden the win	
t3_k0c01b	How Trump’s conspiracy theories have inspired some supporters to boycott the Georgia runoffs	
t3_k07fhk	Janet Yellen Is Probably the Best Treasury Secretary We Could Expect from a Biden Presidency	
t3_k05ze0	Biden cabinet: Janet Yellen set to become first female treasury secretary	
t3_k045ov	Taiwan says is having 'good interactions' with Biden team	
t3_k0bpfr	Two more parting shots from Trump aimed squarely at disabled workers	
t3_k01a73	After Chaotic 4 Years, Wall St. Is Itching to Unfollow @realDonaldTrump - President Trump turned his Twitter feed into a singular source of market volatility. Now, investors are looking forward to markets free of presidential tweets.	
t3_k0d8w9	AOC and Ilhan Omar want to block Biden’s former chief of staff	
t3_k041rg	Europe hopes for reset, end to ‘damage control’ under Biden	
t3_k0d7kj	Trump administration wants to cut food stamps to thousands of seniors, lawmakers say	
t3_k0abt3	President-elect Biden Announces Foreign Policy and National Security Posts	
t3_k01f68	Watch Laura Ingraham Finally Tell Fox News Viewers That Biden Beat Trump	
t3_k0bb2x	Trump’s QAnon Lawyer Inspired Even More George Soros Disinformation	
t3_jzwige	PA Supreme Court rejects Trump challenge to absentee ballots in Allegheny County	
t3_k0ftlb	McConnell pushed Trump to nominate Coney Barrett on the night of Ginsburg's death: report	
t3_k0f0zp	Watch Trump's Stock Market Collapse Prediction Go Down in Flames	
t3_k03ye7	Immigration Advocates Push Biden to Not Just Bring Back DACA But Expand It	
t3_k0c42y	Biden win over Trump in Nevada made official by court	
t3_jzvws9	Trump previewed his legal strategy 2 years ago, when he said a turkey 'refused to concede and demanded a recount'	
t3_k0g41t	YouTube suspends One America News, a Trump favorite, for peddling pandemic misinformation	
t3_k09m8g	Pennsylvania certifies election results for Biden	
t3_k0allo	Pennsylvania certifies election results, sealing state victory for Biden	
t3_k080lt	Pennsylvania certifies Biden as winner of presidential vote	
t3_k0e454	Paul Ryan calls on Trump to concede and end lawsuits	
t3_k083ym	Pennsylvania Certifies Biden as Winner, Driving Stake in Trump’s Legal Effort	
t3_k0e1h9	Biden-Harris ticket surpasses 80 million votes: new record	
t3_k039s1	Biden Puts White House on Climate War Footing	
t3_k0dlh2	Trump's DOJ Backs Down on Deporting Women Alleging ICE Gynecological Abuse	
t3_k08kqp	The Damage Is the Point | Trump may not be able to extend his reign, but he can aid and abet his party by further curtailing the right to vote.	
t3_k07khz	Kremlin and Putin will not recognise president-elect Biden despite Trump announcement	
t3_k0ezft	Biden to begin receiving classified Presidential Daily Briefings	
t3_k05ynk	Fox's Laura Ingraham says Biden will be inaugurated: 'This constitutes living in reality'	
t3_k0db7w	Biden picks Alejandro Mayorkas, a son of Jewish Cuban refugees, to lead the Department of Homeland Security	
t3_k03gjd	Biden unveils his administration as Trump's firewall crumbles	
t3_jzw3mj	Biden names climate statesman John Kerry as climate envoy — President-elect Joe Biden has picked climate-change older statesman John Kerry for a newly created role of climate envoy for national security	
t3_k00s3i	Vt. AFL-CIO OKs strike if Trump refuses peaceful transfer of power	
t3_k0axg0	Rush Limbaugh: Trump’s Legal Team ‘Promised Blockbuster Stuff and Then Nothing Happened’	
t3_k05ja4	Since Election Day, a Lot of Tweeting and Not Much Else for Trump	
t3_jzv4kr	GM withdraws support for Trump lawsuit seeking to roll back auto emissions rules	
t3_k00bnt	Trump’s legacy may be an increasingly authoritarian Republican Party	
t3_k0anru	Trump pops into White House briefing room for one-minute impromptu speech	
t3_k0effc	'America is back' , says Biden as he unveils team	
t3_jzzo0f	Trump is worried Giuliani and legal team are ‘fools making him look bad’	
t3_k0bzv9	Trump Stress-Tested the Election System, and the Cracks Showed	
t3_k08031	Trump: I’ll Keep Charging Fraud Until Randy Quaid Is Satisfied	
t3_k0g55x	Treasury Secretary Mnuchin is moving $455 billion of unspent stimulus money into a fund the incoming Biden administration can't deploy without Congress	
t3_k0cv6t	Biden: 'It’s a team that reflects the fact that America is back'	
t3_k02obo	Opinion | Guess Whose Votes Trump Doesn’t Want Counted	
t3_k08b0h	Pennsylvania certifies Biden as winner of presidential vote	
