Name	Title	Coding	Data Collected
t3_jzjwz1	100 Republican national security experts demand GOP admit Trump loss		2020-11-23
t3_jzr4dw	Michigan elections board certifies results from presidential election, sealing Biden’s win in state		2020-11-23
t3_jzgzo5	Trump is not just refusing to concede, he is sabotaging nation’s interest		2020-11-23
t3_jzfuso	Trump team falsely claim he was not assisted in transition by Obama		2020-11-23
t3_jzj864	Business Leaders Tell GOP: Start Biden Transition or No Money for Georgia Senate Run-Offs		2020-11-23
t3_jzka2y	Pro-Trump Attorney Urges Republicans Not to Vote in Georgia Runoff		2020-11-23
t3_jzb2zh	Twitter Afire After Trump Camp Breaks With Lawyer: Lasted ‘About Half A Scaramucci’ | “Sidney Powell should refuse to concede her position from Trump’s legal team,” one critic joked.		2020-11-23
t3_jz8bvm	Native American voters across Minnesota turned out to oust Trump - Vote totals were up around Red Lake, and 90% for Biden		2020-11-23
t3_jzmb5h	Detroit had more vote errors in 2016 when Trump won Michigan by a narrow margin. He didn’t object then.		2020-11-23
t3_jziz6f	Trump will leave office soon. But we can’t let him escape accountability for his misdeeds.		2020-11-23
t3_jzg091	Biden is stealing the spotlight. Trump can't stand it.		2020-11-23
t3_jzmvi7	Trump's on his way out, but leaves a lasting legacy: The right's open embrace of terrorism. How did the Kenosha shooter post $2 million in bail? Because conservatives are normalizing right-wing terrorism		2020-11-23
t3_jzeymy	New Zealand PM offers COVID-19 help to U.S. President-elect Biden		2020-11-23
t3_jzbb0y	Reporter Carl Bernstein names 21 GOP senators who 'repeatedly expressed extreme contempt for Trump'		2020-11-23
t3_jze8d0	Transition warning: Trump's mental illness is a growing danger		2020-11-23
t3_jzo4ys	To Prevent 'Active Sabotage' of His Agenda, Biden Urged to Clean House of Trump Loyalists on Day One		2020-11-23
t3_jzgz98	John Kasich Stunned GOP Isn’t Defending Democracy Against Trump		2020-11-23
t3_jzicmc	How Ronald Reagan’s Racism Helped Pave the Way for Donald Trump’s		2020-11-23
t3_jzos3p	It’s Time To Consider Sanctions for Trump’s Legal Team		2020-11-23
t3_jzj8y9	Republican pollster: Trump's false 'rigged' election claims may hurt GOP chances of keeping Senate		2020-11-23
t3_jznq3n	Clip of Ted Cruz Saying Democrats Would Say COVID 'Magically Better' Week After Biden Wins Resurfaces		2020-11-23
t3_jzonsl	Former Defense Secretary Jim Mattis says Biden should toss all of Trump's 'America First' policies		2020-11-23
t3_jzm9x0	Biden picks John Kerry for climate envoy on national security council		2020-11-23
t3_jzgode	Trump axed campaign lawyer Sidney Powell was because 'she was too conspiratorial even for him'		2020-11-23
t3_jztvos	Megathread: The GSA Has Informed President-Elect Joe Biden that the Administration is Ready to Begin the Formal Transition Process		2020-11-23
t3_jzh7ew	Carl Bernstein names 21 Republican senators who have ‘privately’ expressed ‘extreme contempt’ for Trump		2020-11-23
t3_jzkjrv	Biden team is reportedly pushing congressional Democrats to strike an immediate stimulus deal with Republicans to stave off renewed recession		2020-11-23
t3_jz9j48	Kasich: Republicans 'either in complete lockstep' or 'afraid' of Trump		2020-11-23
t3_jzpeei	Trump Is Blowing Up the Georgia GOP—and It Couldn’t Happen at a Better Time		2020-11-23
t3_jzhuwc	New Zealand offers Biden tips on COVID-19 after successful response		2020-11-23
t3_jzmtno	Tucker Carlson was attacked by Trump supporters for questioning the outlandish claims of the president's lawyer Sidney Powell before she was fired		2020-11-23
t3_jzj73m	Trump’s press secretary Kayleigh McEnany heckled in briefing: ‘When will you admit you lost?’		2020-11-23
t3_jzlc67	GOP Sen. Rob Portman says Biden transition funds should be released		2020-11-23
t3_jzlnvy	A major Trump donor’s company got a 3 percent government-backed pandemic loan. It sells title loans at a 350 percent annual rate.		2020-11-23
t3_jzhcb0	What if Trump never concedes? The Constitution will end his term, conservative lawyer John Yoo says		2020-11-23
t3_jzmfmo	President Trump Wanted a Supreme Court Election Battle. His Current Appeal Simply Cannot Get Him There.		2020-11-23
t3_jzguka	Trump handing Taliban a victory on his way out, says former national security adviser H.R McMaster		2020-11-23
t3_jzgsx3	Trump legal team says Sidney Powell had no formal role, but record shows they loved her involvement		2020-11-23
t3_jzba0d	Carl Bernstein names 21 GOP senators who 'privately expressed their disdain' for Trump		2020-11-23
t3_jzj1p6	Group of Black voters in Detroit suing President Trump, citing voting rights abuses &amp; disenfranchisement		2020-11-23
t3_jzpowr	Let’s hear it for the judges for dismissing Trump’s lawsuits		2020-11-23
t3_jzlqyf	GOP senator says Biden's vote lead 'has not changed,' urges country to 'move forward'		2020-11-23
t3_jzjoc9	Republican former national security officials urge party to demand Trump concession		2020-11-23
t3_jz8td4	Here are the 3 legal cases Trump may have to face once he’s no longer president		2020-11-23
t3_jzpllg	The Already Useless Trump Kids Are About to Get Even More So		2020-11-23
t3_jzcmj4	New Zealand leader Ardern offers virus know-how to Joe Biden | New Zealand Prime Minister Jacinda Ardern has become the latest world leader to congratulate President-elect Joe Biden on his election victory, saying she offered to share her nation’s expertise on dealing the coronavirus		2020-11-23
t3_jz9k6j	Donald Trump’s legal team has been a ‘national embarrassment,’ according to one loyal Trump supporter		2020-11-23
t3_jzis32	Carl Bernstein named 21 GOP senators who he said are enabling Trump's attempts to subvert US democracy by only criticizing him in private		2020-11-23
t3_jzny0i	Pennsylvania Republicans Voted Against Certifying Vote in County Trump Won by 22,000		2020-11-23
t3_jzmam7	Trump's top election lawyer in Wisconsin says he and his wife voted illegally in the campaign's latest legal argument		2020-11-23
t3_jzpy16	On Trump, GOP's silence 'can't be excused and won't be forgiven' — For the first time, a corrupt US leader is trying to cling to power through autocratic means. Let history note who lacked the patriotism to speak up.		2020-11-23
t3_jzpvbh	Rush Limbaugh criticizes Trump legal team for promising 'bombshells' and failing to deliver		2020-11-23
t3_jzmqas	Conservatives spread false claim Biden invented 'office' of the president-elect		2020-11-23
t3_jzg8x4	'Elite Strike Force'? Trump Legal Team Throws Right-Wing Attorney Sidney Powell Under the Bus as Coup Attempt Flails		2020-11-23
t3_jz9qp2	Haaland being vetted by Biden team for Interior secretary		2020-11-23
t3_jzej98	Pennsylvania’s Lt. Gov. Trolls Trump, ‘Dopey’ GOP Lawsuits In Epic Tweetstorm		2020-11-23
t3_jzfpdr	Donald Trump has assaulted our democracy		2020-11-23
t3_jzq2dw	Poll: Majority say Trump should concede		2020-11-23
t3_jzk7yg	A Federal Judge Rejected Trump's Ludicrous Pennsylvania Case With Pure Disdain		2020-11-23
t3_jzla7n	Michigan voters sue Trump for allegedly disenfranchising Black voters with election interference		2020-11-23
t3_jzeqq0	Opinion | Why Biden should stop parsing words and call Trump's lies a coup		2020-11-23
t3_jzj1yp	Major business leaders reportedly signed a letter urging Trump to concede, and warn that 'our democracy grows weaker' the longer the presidential transition is delayed		2020-11-23
t3_jzd94c	Carl Bernstein Names Names: 21 GOP Senators Who've Privately Ripped Trump		2020-11-23
t3_jzmus9	Donald Trump’s Bid to Steal the Election Hinges on a Shameless Homophobe Who Once Called Him a Lying, Idiotic Bully		2020-11-23
t3_jzis4d	Will Trump’s Accusers Finally Get Their Day In Court? | He soon will be unable to hide from the women suing him for defamation.		2020-11-23
t3_jz9yit	Representative Ilhan Omar: ‘I Hope President Biden Seizes This Opportunity’ — The president-elect has a once-in-a-generation opportunity to reorient US foreign policy so this country truly means what it says.		2020-11-23
t3_jzhsuf	Trump urges state legislatures and courts to ‘flip’ results		2020-11-23
t3_jzrwc2	Pennsylvania Supreme Court Kills Trump Bid to Disqualify Ballots		2020-11-23
t3_jzjbng	In Another Country This Would Be Called a Coup: Detroit NAACP Head on Trump Trying to Overturn Vote		2020-11-23
t3_jz8dam	Biden Chooses Antony Blinken, Defender of Global Alliances, as Secretary of State		2020-11-23
t3_jziqei	"Team Trump Fired QAnon Lawyer Sidney Powell But She's Tweeting Through It - Last week she was part of Trump's ""elite strike force."" Now she's ""practicing law on her own."""		2020-11-23
t3_jzlbdp	Trump friend and adviser Steve Schwarzman recognizes Biden as President-elect		2020-11-23
t3_jzqf5t	Republican Congressman Says GOP 'Embarrassing,' Calls on Party to 'Denounce' Trump's 'Conspiracy Theories'		2020-11-23
t3_jzc781	John Kasich calls Trump's refusal to concede 'absurd'		2020-11-23
t3_jzji16	Trump's closest business ally just admitted that the president lost the election		2020-11-23
t3_jzlipn	Sidney Powell Stricken from Trump’s ‘Elite Strike Force’ Legal Team 8 Days After President Called Her ‘Wonderful’		2020-11-23
t3_jzc3y4	More Republicans are losing patience with Trump's legal absurdities		2020-11-23
t3_jzdr2f	Voting machines manufacturer on Trump conspiracy theory: ‘It’s not physically possible’		2020-11-23
t3_jzm28z	Biden to nominate first Latino and immigrant to run Homeland Security		2020-11-23
t3_jzskav	Pennsylvania Supreme Court Reverses One of Trump’s Only Post-Election Litigation Wins		2020-11-23
t3_jzebvu	Trump’s fundraising emails give spam a bad name - The election is over, but Trump's campaign is still bombarding his supporters with conspiracy-mongering demands for more money. Its exhausting.		2020-11-23
t3_jzfnsj	Biden to spotlight CDC officials shunned by Trump		2020-11-23
t3_jz9obr	US election 2020: Trump ally urges him to accept defeat in US vote		2020-11-23
t3_jzjl2a	Republican national security experts call on Trump to concede, begin transition		2020-11-23
t3_jzazcu	Maryland governor says Trump should concede election, stop golfing		2020-11-23
t3_jzs0fi	Michigan Certifies Joe Biden's Election Victory		2020-11-23
t3_jzrmc0	Trump’s Ridiculous, Sloppy Coup Attempt Just Face-Planted in Michigan		2020-11-23
t3_jzsk0y	Congress Has Every Right to Keep Investigating Trump After He’s Gone		2020-11-23
t3_jzrlc7	Maine certifies Biden’s victory in the state’s election		2020-11-23
t3_jzqg3e	Trump campaign suffers new court loss in attempt to block Biden’s win in Pennsylvania		2020-11-23
t3_jzsjjw	Over 100 CEOs threaten to cut off funds to Georgia GOP if Trump keeps blocking transition: report		2020-11-23
t3_jz8ss3	Trump May Announce His 2024 Bid Before Year’s End		2020-11-23
t3_jzs4qi	Detroit had more vote errors in 2016 when Trump won Michigan by a narrow margin. He didn’t object then.		2020-11-23
t3_jzqk4b	Secret Service members asked about protecting soon-to-be-former president Trump full time in Florida: Sources | Agents in Trump's detail have been asked about relocating to West Palm Beach.		2020-11-23
t3_jzn0c8	Biden taps John Kerry as Special Presidential Envoy for Climate, marking the first time the NSC will have an official dedicated to climate change		2020-11-23
t3_jzfpm4	Trump set on veto of defense bill over renaming bases honoring Confederates		2020-11-23
t3_jz9j4j	Trump legal team shuns Sidney Powell as insiders and national security officials see no evidence supporting her voting machine claims		2020-11-23
t3_jzfulz	Republicans as a multicultural working class party? That's Trump-level delusional thinking.		2020-11-23
t3_jz8wcb	Dominion rep responds to Trump campaign claims in Fox News interview: 'Physically impossible' to switch votes		2020-11-23
t3_jzaoie	In last-ditch bid to stay in office, Trump deploys his favorite tactics to bully and intimidate		2020-11-23
t3_jzsjpm	Trump is reportedly worried that his legal team is made up of 'fools that are making him look bad'		2020-11-23
t3_jzkuz6	Trump Faces Growing Calls From Biz Leaders To Concede After Legal Battles Fall Flat		2020-11-23
t3_jzqzld	Trump campaign forces Georgia taxpayers to pay for second recount after first one confirms its loss. A hand recount of nearly 5 million votes confirmed Biden's win, but Team Trump wants to milk taxpayers even more		2020-11-23
t3_jzsr22	Michigan certifies election results, making Biden's win official		2020-11-23
t3_jzhlu7	Trump's 'elite, strike force' legal team starts to shrink		2020-11-23
t3_jzr5yp	Michigan Certifies Joe Biden's Election Victory		2020-11-23
t3_jzorhc	Trump fears Giuliani, other lawyers in Biden vote challenge are ‘fools that are making him look bad’		2020-11-23
t3_jztm0i	Trump Campaign’s Actual Argument in Appeals Court: We’re Only Trying to Disenfranchise 1.5 Million Voters, Not 6 Million Pennsylvanians		2020-11-23
t3_jzobu4	Behind the scenes, Trump frustrated with his legal team's maneuvers		2020-11-23
t3_jzlcxd	Trump Could Push Don Jr. and Ivanka in 2024, but Trumpism Is a Hard Sell Without Him		2020-11-23
t3_jzmeyu	New report details Trump effort to seize thousands of acres of private land for border wall		2020-11-23
t3_jzozd1	Why the Trump campaign’s big legal flameout in Pennsylvania seems like a turning point, even for Republicans		2020-11-23
t3_jza1rz	Trump campaign cuts ties with attorney Sidney Powell after bizarre election fraud claims		2020-11-23
t3_jzrye4	Michigan votes to certify Biden's win over Trump		2020-11-23
t3_jzofom	Biden moves forward as GOP breaks with Trump rise		2020-11-23
t3_jzcjw9	Twitter, Facebook will hand official accounts over to Biden administration		2020-11-23
t3_jziwyr	What if Trump won’t leave the White House? A hostage negotiator, an animal-control officer, and a toddler whisperer have advice		2020-11-23
t3_jzo44d	Two years ago this week Trump was mocking a turkey for refusing to concede an election		2020-11-23
t3_jzc0q0	Trump’s lonely G-20 marks a fitting end		2020-11-23
t3_jzquzq	GOP senator: No indication of widespread voting irregularities, window for Trump challenges is 'closing'		2020-11-23
t3_jzk79i	Former GOP Ohio Governor Says Republicans Are Either ‘Afraid’ or ‘in Complete Lockstep’ With Trump		2020-11-23
t3_jzpbvs	Biden chooses former Fed Chair Janet Yellen to be Treasury secretary, report says		2020-11-23
t3_jzfcif	Trump Is Running Out Of Time As Key States Set To Certify That Biden Won		2020-11-23
t3_jzbggz	The Motley Crew Leading Trump’s Election Challenges | Jared Kushner wanted a “James Baker-like” figure, but he ended up with a ragtag bunch of lawyers led by a raving Rudolph Giuliani, who made his first appearance in federal court in this century.		2020-11-23
t3_jzlzl3	After looming so large in Washington, Donald Trump has shrunk into a small, petty man		2020-11-23
t3_jzprxe	Trump’s Absurd ‘You Did It First’ Argument for Stealing the Election		2020-11-23
t3_jztjh2	National Embarrassment Donald Trump Worried Lawyers Are Sullying His Pristine Reputation		2020-11-23
t3_jzntq8	GM flips to California’s side in emissions lawsuit against Trump admin		2020-11-23
t3_jzs06l	Michigan certifies Joe Biden's win despite Trump's GOP overtures | The Board of State Canvassers, which has two Republicans and two Democrats, confirmed the results on a 3-0 vote with one abstention		2020-11-23
t3_jzsruy	Rush Limbaugh Does Full 180, Blasts Sidney Powell After Team Trump Disavowed Her		2020-11-23
t3_jzhzmd	Reporter Carl Bernstein names 21 GOP senators who 'repeatedly expressed extreme contempt for Trump'		2020-11-23
t3_jzr5f1	Michigan Election Board Certifies Victory for Biden		2020-11-23
t3_jzk32t	Biden Backs Democrats’ Pursuit Of Bigger COVID-19 Relief Deal		2020-11-23
t3_jziow1	Facebook will give presidential accounts to Biden even if Trump refuses to concede election		2020-11-23
t3_jzcq86	As Biden marches forward with Cabinet, Trump hopes likely to fade in key states		2020-11-23
t3_jzp967	General Motors Aligns With Biden, Pulls Out of Lawsuit Supporting Trump		2020-11-23
t3_jz8ywc	Trump campaign legal team distances itself from Powell		2020-11-23
t3_jztlp5	G.M. Drops Its Support for Trump Climate Rollbacks and Aligns With Biden		2020-11-23
t3_jzidnq	'A diplomatic powerhouse': Biden will nominate Linda Thomas-Greenfield as UN ambassador, reports say		2020-11-23
t3_jzaxgb	Trump campaign files narrow appeal in Pennsylvania - It is seeking permission to reframe its argument again.		2020-11-23
t3_jz95se	Reports: Biden to name long-time confidant Antony Blinken as Secretary of State		2020-11-23
t3_jzphue	GOP senator, business leaders urge prompt Biden transition		2020-11-23
t3_jzb3ya	Trump campaign cuts ties with attorney Sidney Powell after bizarre election fraud claims | US news		2020-11-23
t3_jzrnx5	Michigan certifies Biden victory in another blow to Trump		2020-11-23
t3_jzgh8i	Antony Blinken: Biden's secretary of state nominee is sharp break with Trump era		2020-11-23
t3_jzp2ts	Joe Biden nominates first woman to lead intelligence and first Latino to head homeland security		2020-11-23
t3_jzoam2	Reality Forecloses on the Trump Presidency | A fading campaign collapses under the weight of finally having to back up big talk with actual substance.		2020-11-23
t3_jzjyaw	Trump EPA removes tool states use to protect farmworkers, environment		2020-11-23
t3_jzg3aa	Biden expected to pick longtime diplomat Linda Thomas-Greenfield as U.S. ambassador to U.N.		2020-11-23
t3_jzr88b	Michigan election board certifies 154,000-vote victory for Joe Biden, another setback in Trump’s effort to overturn election results		2020-11-23
t3_jzrzv8	Rush Limbaugh Knocks Trump's Lawyers For Not Providing Voter Fraud Proof		2020-11-23
t3_jz8l93	Top Biden adviser seen as making tech regulation more likely		2020-11-23
t3_jzsna1	King of Jordan becomes first Arab leader to speak with President-elect Biden		2020-11-23
t3_jzi67y	More Republicans acknowledge Biden's victory, as two key states set to certify election results		2020-11-23
t3_jzn3cr	Biden Taps John Kerry For New National Security Role Focused On The Climate Crisis		2020-11-23
t3_jzm6f8	Carl Bernstein names 21 GOP senators who privately express “contempt” for Trump but still enable him		2020-11-23
t3_jzsfv2	Obama calls Trump era an 'anomaly' in Canada-U.S. relations		2020-11-23
t3_jzu2rx	Michigan Certifies Election Results, Declaring Biden Winner In New Blow To Trump		2020-11-23
t3_jztkzj	Trump fears Giuliani, other lawyers in Biden vote challenge are 'fools that are making him look bad'		2020-11-23
t3_jzmemb	Trump Lawyer Tries To Toss Out His Own Vote In Wisconsin Recount		2020-11-23
t3_jzfp15	Trump’s Anti-LGBTQ Agenda Has Been Hidden in Plain Sight		2020-11-23
t3_jzreko	Michigan's state board certifies Biden's win		2020-11-23
t3_jzn4mo	Despite Trump’s prod, Mich. to consider certifying Biden win		2020-11-23
t3_jzst4r	Trump fears Giuliani, other lawyers in Biden vote challenge are 'fools that are making him look bad'		2020-11-23
t3_k07ocv	US election: Biden becomes first-ever presidential candidate to receive 80 million votes		2020-11-24
t3_k08ewo	Brennan takes final shot at Trump: 'I leave his fate to our judicial system, his infamy to history, &amp; his legacy to a trash heap'		2020-11-24
t3_k07nxi	Pennsylvania certifies Biden's victory		2020-11-24
t3_k028s9	Roger Stone-Tied Group Threatens GOP: If Trump Goes Down, So Does Your Senate Majority		2020-11-24
t3_k08slh	On Night of Ginsburg’s Death, McConnell Pushed Trump to Nominate Amy Coney Barrett		2020-11-24
t3_jzvxxd	Trump campaign loses 5 more cases in Pennsylvania Supreme Court decision		2020-11-24
t3_k055sr	Republicans sold out democracy to appease Trump's loser tantrum		2020-11-24
t3_k07sfh	It Actually Was a Landslide: 80 Million Votes and Counting For Biden; The “red mirage” has vanished to reveal a blue mandate for President-Elect Joe Biden		2020-11-24
t3_k0az01	Biden accuses Trump of ‘outright cruelty’ at the border as he introduces Homeland Security pick		2020-11-24
t3_k06l7z	Yes, the Biden administration should hold Trump accountable		2020-11-24
t3_jzuvas	Report of a 'souring' relationship between Trump and Giuliani		2020-11-24
t3_k05kkv	Every Day Trump Repeatedly Emails His Supporters a Dangerous Message: Democracy Doesn’t Work. Be outraged, don’t accept the election results…and send money.		2020-11-24
t3_k02n7d	Should Trump Be Prosecuted?		2020-11-24
t3_jzv0k7	Politicizing masks ‘is like politicizing toilet paper,’ Biden coronavirus adviser says		2020-11-24
t3_k047z0	Press: Trump's biggest fear is — lock him up		2020-11-24
t3_jzx12o	Here Come the Adults | Biden’s Cabinet is shaping up to be everything that Trump’s was not.		2020-11-24
t3_jzyvdn	"Lindsey Graham calls Biden, Pelosi and Schumer ""trifecta from hell,"" says they'll end Electoral College"		2020-11-24
t3_jzvqda	Trump Lawyer Appears on Fox Touting ‘Promising’ Case in Pennsylvania After It’s Thrown Out by Judge		2020-11-24
t3_k03h7b	Trump Push To Invalidate Votes In Heavily Black Cities Alarms Civil Rights Groups		2020-11-24
t3_k02ya3	Rachel Maddow Rings The Alarm On How Trump's 'Setting The Place On Fire' As He Leaves		2020-11-24
t3_k05npo	Trump Is Still President, Even Though He’s Not Acting Like One | The federal government has essentially stopped functioning as a federal government.		2020-11-24
t3_jzv6i4	‘Bye bye Trump’: Ilhan Omar and others celebrate as president finally begins transition		2020-11-24
t3_k05r0v	Enough cowardice: Democrats must forge ahead, without caring what the Trumpers say		2020-11-24
t3_jzwk4e	The Secret Service is reportedly preparing for Trump's 'post-presidency life'		2020-11-24
t3_jzuphz	Trump goes out with a whimper and a tweet. It was always going to be that way		2020-11-24
t3_k07u24	Pennsylvania governor: Democrat Joe Biden certified as winner of presidential election in state		2020-11-24
t3_jzw3ni	75 Percent Of Lawyers Say They Wouldn’t Support Their Firm If They Represented Donald Trump — Lawyers do *not* approve of what Jones Day's doing.		2020-11-24
t3_k0bsrn	"Ivanka Trump called out for boasting about drop in greenhouse emissions: ""This is largely because of the pandemic"""		2020-11-24
t3_k03r9y	‘A passing attempt at adulthood’: Stacey Abrams gives scathing reaction to Trump finally starting transition		2020-11-24
t3_k04x2c	Cannabis stocks surge after Trump administration sets formal transition in motion		2020-11-24
t3_k03hse	Trump campaign loses 5 more election cases in Pennsylvania		2020-11-24
t3_k08z5i	President-Elect Joe Biden Clinches Presidency—Again—as Pennsylvania Certifies Election Results		2020-11-24
t3_jzvf9k	Dr. Redlener: Trump’s denial of science has ‘poisoned’ this country		2020-11-24
t3_k09ns0	Pennsylvania, Nevada certify Biden as winner of presidential vote		2020-11-24
t3_jzyoyz	Laura Ingraham Admits It’s Over for Trump: ‘Biden Will Be Inaugurated’		2020-11-24
t3_k0dtv5	White House has signed off on Joe Biden getting the President's Daily Brief		2020-11-24
t3_k0cdoc	Trump ignores reporter’s question about trying to pardon himself after doing so for turkey		2020-11-24
t3_k033f1	Republican official: Trump efforts to undermine Georgia results could 'suppress the vote' in U.S. Senate runoff elections		2020-11-24
t3_k05u50	Glum Laura Ingraham Tells Fox Viewers It’s Done: ‘I’d Be Lying’ If I Said Trump Still Had A Chance		2020-11-24
t3_k04a0b	Rush Limbaugh Criticizes Trump Campaign for Hyping Up 'Blockbuster' Voter Fraud Evidence: 'Nothing Happened… Not Good'		2020-11-24
t3_k06g46	'Shameful and Concerning He Is Even Being Considered,' Says AOC as Rahm Emanuel Floated for Role in Biden Cabinet		2020-11-24
t3_k06bmj	Trump Mocked After Telling GOP to Listen to Randy Quaid's Election Demand		2020-11-24
t3_jzy84b	Midtown Trump Tower To Have Reduced Security After President Leaves Office in January		2020-11-24
t3_jzx73a	Trump's effort to steal the election is done		2020-11-24
t3_k03iou	In Break From Trump, Biden Opts for Experience, Expertise for Top National Security Jobs		2020-11-24
t3_k09n7r	Nevada Supreme Court certifies Joe Biden's win in Nevada, making his win in the battleground state official		2020-11-24
t3_k05ixh	2 in 3 say coronavirus relief should be Biden's top priority in first 100 days: poll		2020-11-24
t3_jzvrkx	Trump came in promising so much winning. He’s going out with so much whining.		2020-11-24
t3_k04vzj	Trump’s dam finally breaks. But we cannot go through this again.		2020-11-24
t3_k00ahk	Trump says he ‘will never concede’ and transition process has nothing to do with election result		2020-11-24
t3_k06pds	Fox News' Laura Ingraham and Tucker Carlson distance themselves from Trump		2020-11-24
t3_k04qk9	Jon Ossoff Tries to Drive Wedge Between Georgia Trump Voters, GOP Senate Candidates Over Biden Win		2020-11-24
t3_k0942q	Melania Trump wanted to light the White House with rainbow colors for Pride month. She got told no.		2020-11-24
t3_k0d1g3	'Well That Was Weird as Sh*t': As More States Certify His Defeat, Trump Holds 60-Second Briefing to Brag About Stock Market		2020-11-24
t3_k0ahv4	Judge Emmet Sullivan Will Oversee Voting Rights Act Case Accusing Trump of Anti-Black Campaign to Overturn Election		2020-11-24
t3_k07q55	Joe Biden crosses 80 million votes, 10 million more than Obama got		2020-11-24
t3_k0azls	Trump’s Enablers Are Sabotaging the Georgia Senate Runoff Election–and Helping Democrats. There’s a weird, right-wing push to boycott January’s pivotal U.S. Senate runoffs. Is Trump angry enough to join it?		2020-11-24
t3_k03zxy	The EU thanks Joe Biden for his 'clear support' in Brexit dispute with the UK		2020-11-24
t3_k05ep2	Surgeon General Issues ‘Dire’ COVID-19 Warning As Trump White House Plans Indoor Parties		2020-11-24
t3_k08659	Pennsylvania certifies Biden victory		2020-11-24
t3_k0ammd	Nevada Supreme Court Certifies Biden’s Victory Over Trump		2020-11-24
t3_k0c5mr	Paul Ryan calls for Trump to accept results: 'The election is over'		2020-11-24
t3_k04620	'Beyond an embarrassment,' legal experts say of Trump and Giuliani's floundering efforts in court		2020-11-24
t3_k07zev	Computer repairman who claimed he gave Hunter Biden data to Giuliani closes shop as laptop saga gets stranger		2020-11-24
t3_k0a761	Trump brags about Dow 30,000 at surprise press conference, leaves after a minute		2020-11-24
t3_k09pwl	Atlanta Hawks Arena, Which Played Huge Role in Biden Winning Georgia, to be Used Again for Senate Runoffs		2020-11-24
t3_k0djl7	Trump Insists He’s Still Going to Be President as White House Landlord Asks For Forwarding Address for Security Deposit		2020-11-24
t3_jzzepz	Trump dismantles decades-old surveillance treaty irreparably on his way out the door		2020-11-24
t3_k07jm6	Column: Trump lost and his lawsuits are garbage. But please keep donating! The grift must go on.		2020-11-24
t3_jzyzyc	Should Joe Biden cancel billions in student loan debt?		2020-11-24
t3_k08kqr	Pennsylvania just certified its presidential election results, officially declaring Joe Biden the winner		2020-11-24
t3_k0dyrm	The Republican Party Is Dead. It’s the Trump Cult Now.		2020-11-24
t3_k0a31m	Biden-Harris ticket the first in US history to surpass 80 million votes		2020-11-24
t3_k02329	Revealed: Trump Officials Rush to Mine Desert Haven Native Tribes Consider Holy		2020-11-24
t3_jzwb0o	Sidney Powell Undermined Georgia GOP During Crucial Senate Runoff Before Trump Campaign Cut Her Loose		2020-11-24
t3_jzvx08	NYPD planning to reduce police presence, congestion around Trump Tower: Sources tell ABC News		2020-11-24
t3_jzy6dc	Biden Supporters In Pennsylvania Look Ahead To A 'Traditional Presidency'		2020-11-24
t3_k0ala4	Trump Turns to Randy Quaid for Guidance in Overthrowing Democracy		2020-11-24
t3_k08xyk	Democrats didn't refuse to acknowledge Trump’s 2016 victory		2020-11-24
t3_k0dwtt	75% of every donation to Trump's leadership PAC could actually be spent by the president himself on things like paying family members or financing a 2024 bid		2020-11-24
t3_jzvxtn	It’s time Republicans put country over Trump’s injured ego		2020-11-24
t3_k0f7jr	Biden unveils a national security team without grifters, trolls or fanatics		2020-11-24
t3_k08q8s	Joe Biden Certified As Winner Of Presidential Election In Pennsylvania		2020-11-24
t3_k0coc2	Trump is junking a treaty - and two planes - designed to stop nuclear war		2020-11-24
t3_k060rf	Laura Ingraham says that Biden will be president: ‘This constitutes living in reality’		2020-11-24
t3_jzx3px	Trump probably won’t be the last politician to reject an election outcome without evidence		2020-11-24
t3_k0feo8	Georgia Republican Voters Consider Boycott Of Special Senate Election In Support Of Trump		2020-11-24
t3_k04nof	Biden prioritizes climate crisis by naming John Kerry special envoy		2020-11-24
t3_k09pft	Pennsylvania Supreme Court rejects Trump campaign's effort to block counting certain absentee ballots		2020-11-24
t3_k0eshp	Trump Appointee Unconstitutionally Interfered With VOA, Judge Rules		2020-11-24
t3_k06dr2	No, It Wasn’t a Coup Attempt. It Was Another Trump Money Scam.		2020-11-24
t3_k0beyi	Donald Trump stands up for the Confederacy one last time		2020-11-24
t3_jzwgzq	Rush Limbaugh, Michigan, GSA hammer nails into coffin of Trump's election fraud claims		2020-11-24
t3_jzwrvx	NYT reporter Maggie Haberman thinks Trump's tweet is 'the closest to a concession' he'll give		2020-11-24
t3_k08fht	Rubio Receives Swift Dunking For Poor Attempt At Painting Biden As An Elitist		2020-11-24
t3_k061wu	Republicans With Any Love of Country Must Acknowledge That Trump Has Lost		2020-11-24
t3_k0359b	It's over for Trump		2020-11-24
t3_jzvflg	Pennsylvania counties certify election results despite isolated pushback and baseless fraud claims from Trump allies		2020-11-24
t3_k0e2uk	Donald Trump's Destruction Of Documents		2020-11-24
t3_jzx7gy	Rush Limbaugh knocks Trump's legal team: They promised 'bombshells' at press conference and 'nothing happened'		2020-11-24
t3_jzuuec	Biden team wants to understand Trump effort to 'hollow out government agencies'		2020-11-24
t3_k0dncv	Marco Rubio Gets Ripped For Criticizing Biden’s ‘Ivy League’ Foreign Policy Team		2020-11-24
t3_k00iks	Trump Dismantles Decades-Old Surveillance Treaty Irreparably On His Way Out The Door | Rachel Maddow		2020-11-24
t3_k0bfgp	Trump shares bizarre videos and tweets by actor Randy Quaid about voter fraud, Fox News		2020-11-24
t3_k0axma	Biden win over Trump in Nevada made official by court		2020-11-24
t3_jzvdc2	An OAN Host Has Been Helping Rudy With Trump’s Legal Efforts		2020-11-24
t3_k0d4sz	Canvassing board certifies Joe Biden's win in New Mexico		2020-11-24
t3_k09adn	Pennsylvania finalizes U.S. election results for Biden: governor		2020-11-24
t3_k08hk3	America survived Trump's coup attempt. The media needs to be clear about why.		2020-11-24
t3_jzyror	"Federal judge calls Trump suit argued by Rudy Giuliani ""Frankenstein's Monster"" and dismisses case"		2020-11-24
t3_k034z9	The Trump administration may privatize Fannie Mae and Freddie Mac — and it could disrupt the nation’s housing-finance system		2020-11-24
t3_k0dmkk	State board certifies Joe Biden as winner in Minnesota		2020-11-24
t3_k0as5g	Judge rebukes another frivolous Trump lawsuit, allowing Pennsylvania to certify results		2020-11-24
t3_k0c4gk	Gov. Doug Ducey: 'Joe Biden did win Arizona'		2020-11-24
t3_k0f9d4	'Well that was weird as s***': Reporters caught on hot mic baffled by Trump's minute long press conference | The president previously warned voters that the stock market would tank if Joe Biden won the election		2020-11-24
t3_k07b93	Donald Trump Is Now Retweeting Randy Quaid’s Election Rants And Do-Over Calls		2020-11-24
t3_k07txz	Pennsylvania certifies Biden as winner of presidential vote		2020-11-24
t3_k024k0	Biden says the Trump White House won't give him COVID stockpile information. Here it is.		2020-11-24
t3_k0a3tb	Trump shares Randy Quaid video: 'Fox is dead to me'		2020-11-24
t3_k0afvh	Ducey acknowledges Biden victory in Arizona for 1st time		2020-11-24
t3_k08vm4	Pennsylvania certifies Biden’s victory as battlegrounds make 2020 results official		2020-11-24
t3_k081o8	Pennsylvania certifies results of 2020 presidential election, giving Biden the win		2020-11-24
t3_k0c01b	How Trump’s conspiracy theories have inspired some supporters to boycott the Georgia runoffs		2020-11-24
t3_k07fhk	Janet Yellen Is Probably the Best Treasury Secretary We Could Expect from a Biden Presidency		2020-11-24
t3_k05ze0	Biden cabinet: Janet Yellen set to become first female treasury secretary		2020-11-24
t3_k045ov	Taiwan says is having 'good interactions' with Biden team		2020-11-24
t3_k0bpfr	Two more parting shots from Trump aimed squarely at disabled workers		2020-11-24
t3_k01a73	After Chaotic 4 Years, Wall St. Is Itching to Unfollow @realDonaldTrump - President Trump turned his Twitter feed into a singular source of market volatility. Now, investors are looking forward to markets free of presidential tweets.		2020-11-24
t3_k0d8w9	AOC and Ilhan Omar want to block Biden’s former chief of staff		2020-11-24
t3_k041rg	Europe hopes for reset, end to ‘damage control’ under Biden		2020-11-24
t3_k0d7kj	Trump administration wants to cut food stamps to thousands of seniors, lawmakers say		2020-11-24
t3_k0abt3	President-elect Biden Announces Foreign Policy and National Security Posts		2020-11-24
t3_k01f68	Watch Laura Ingraham Finally Tell Fox News Viewers That Biden Beat Trump		2020-11-24
t3_k0bb2x	Trump’s QAnon Lawyer Inspired Even More George Soros Disinformation		2020-11-24
t3_jzwige	PA Supreme Court rejects Trump challenge to absentee ballots in Allegheny County		2020-11-24
t3_k0ftlb	McConnell pushed Trump to nominate Coney Barrett on the night of Ginsburg's death: report		2020-11-24
t3_k0f0zp	Watch Trump's Stock Market Collapse Prediction Go Down in Flames		2020-11-24
t3_k03ye7	Immigration Advocates Push Biden to Not Just Bring Back DACA But Expand It		2020-11-24
t3_k0c42y	Biden win over Trump in Nevada made official by court		2020-11-24
t3_jzvws9	Trump previewed his legal strategy 2 years ago, when he said a turkey 'refused to concede and demanded a recount'		2020-11-24
t3_k0g41t	YouTube suspends One America News, a Trump favorite, for peddling pandemic misinformation		2020-11-24
t3_k09m8g	Pennsylvania certifies election results for Biden		2020-11-24
t3_k0allo	Pennsylvania certifies election results, sealing state victory for Biden		2020-11-24
t3_k080lt	Pennsylvania certifies Biden as winner of presidential vote		2020-11-24
t3_k0e454	Paul Ryan calls on Trump to concede and end lawsuits		2020-11-24
t3_k083ym	Pennsylvania Certifies Biden as Winner, Driving Stake in Trump’s Legal Effort		2020-11-24
t3_k0e1h9	Biden-Harris ticket surpasses 80 million votes: new record		2020-11-24
t3_k039s1	Biden Puts White House on Climate War Footing		2020-11-24
t3_k0dlh2	Trump's DOJ Backs Down on Deporting Women Alleging ICE Gynecological Abuse		2020-11-24
t3_k08kqp	The Damage Is the Point | Trump may not be able to extend his reign, but he can aid and abet his party by further curtailing the right to vote.		2020-11-24
t3_k07khz	Kremlin and Putin will not recognise president-elect Biden despite Trump announcement		2020-11-24
t3_k0ezft	Biden to begin receiving classified Presidential Daily Briefings		2020-11-24
t3_k05ynk	Fox's Laura Ingraham says Biden will be inaugurated: 'This constitutes living in reality'		2020-11-24
t3_k0db7w	Biden picks Alejandro Mayorkas, a son of Jewish Cuban refugees, to lead the Department of Homeland Security		2020-11-24
t3_k03gjd	Biden unveils his administration as Trump's firewall crumbles		2020-11-24
t3_jzw3mj	Biden names climate statesman John Kerry as climate envoy — President-elect Joe Biden has picked climate-change older statesman John Kerry for a newly created role of climate envoy for national security		2020-11-24
t3_k00s3i	Vt. AFL-CIO OKs strike if Trump refuses peaceful transfer of power		2020-11-24
t3_k0axg0	Rush Limbaugh: Trump’s Legal Team ‘Promised Blockbuster Stuff and Then Nothing Happened’		2020-11-24
t3_k05ja4	Since Election Day, a Lot of Tweeting and Not Much Else for Trump		2020-11-24
t3_jzv4kr	GM withdraws support for Trump lawsuit seeking to roll back auto emissions rules		2020-11-24
t3_k00bnt	Trump’s legacy may be an increasingly authoritarian Republican Party		2020-11-24
t3_k0anru	Trump pops into White House briefing room for one-minute impromptu speech		2020-11-24
t3_k0effc	'America is back' , says Biden as he unveils team		2020-11-24
t3_jzzo0f	Trump is worried Giuliani and legal team are ‘fools making him look bad’		2020-11-24
t3_k0bzv9	Trump Stress-Tested the Election System, and the Cracks Showed		2020-11-24
t3_k08031	Trump: I’ll Keep Charging Fraud Until Randy Quaid Is Satisfied		2020-11-24
t3_k0g55x	Treasury Secretary Mnuchin is moving $455 billion of unspent stimulus money into a fund the incoming Biden administration can't deploy without Congress		2020-11-24
t3_k0cv6t	Biden: 'It’s a team that reflects the fact that America is back'		2020-11-24
t3_k02obo	Opinion | Guess Whose Votes Trump Doesn’t Want Counted		2020-11-24
t3_k08b0h	Pennsylvania certifies Biden as winner of presidential vote		2020-11-24
t3_k0qkgl	Biden says the White House is cooperating fully with his transition, but that Trump still won't speak to him		2020-11-25
t3_k0wvag	Mueller prosecutor Andrew Weissmann says Trump should be investigated and charged with potential federal crimes after leaving office		2020-11-25
t3_k0ujll	Trump adviser who was with Giuliani at press conference tests positive for coronavirus		2020-11-25
t3_k0scsk	To Prevent 'Another Right-Wing Authoritarian' Even Worse Than Trump, Sanders Says Democrats Must Pursue Bold Working Class Agenda		2020-11-25
t3_k0wcwi	Obama says Americans voted for Trump because Republicans cast white men as ‘victims’		2020-11-25
t3_k114eb	Megathread: President Donald Trump Pardons General Michael Flynn		2020-11-25
t3_k0oad4	Roger Stone-linked group urges voters to write in Trump in Georgia runoffs as revenge against GOP | A fringe group of Republicans is trying to sink the GOP's Senate hopes as retaliation after Trump's loss in Georgia		2020-11-25
t3_k0ve3q	Prosecuting Trump is the only way to heal the nation		2020-11-25
t3_k0ps90	Trump's staffers are reportedly now avoiding him to stay out of legal jeopardy		2020-11-25
t3_k0pdv5	Georgia secretary of state: My family voted for Trump. He threw us under the bus anyway.		2020-11-25
t3_k0x6x6	Donald Trump is losing thousands of Twitter followers after election defeat		2020-11-25
t3_k0qym3	Trump Seemed to Go Along With Biden's Transition Only After Aides Told Him He Didn't Have to Admit He Lost		2020-11-25
t3_k0v9ok	Fauci says he would 'absolutely' serve on a Biden coronavirus task force		2020-11-25
t3_k0w7hg	Biden says Trump 'will go down in history as being one of the most irresponsible presidents'		2020-11-25
t3_k0sg86	Schiff on possible Flynn pardon: Trump is 'acting like an organized crime figure'		2020-11-25
t3_k0pueo	'Flat-Out Sabotage' Already Underway as Mnuchin Tries to Put $455 Billion in Covid Funds Out of Biden Team's Reach		2020-11-25
t3_k0ysz6	Scarborough says he'll never return to Republican party after GOP supported Trump		2020-11-25
t3_k0tujg	A New Jersey congressman is seeking to disbar Trump's personal attorney Rudy Giuliani after he touted election-related conspiracy theories		2020-11-25
t3_k0mhkc	Biden Says It Would Be 'Difficult' To Lose Sanders Or Warren From Senate For Admin.		2020-11-25
t3_k0ucpe	In refusing to acknowledge Biden win, McConnell again puts politics ahead of country		2020-11-25
t3_k0zcp6	In an apparent dig at the Trump administration, Obama says Biden's foreign policy team will 'know where countries are'		2020-11-25
t3_k0m346	Any Republican unwilling to defy Trump is not worthy of the label ‘patriot’		2020-11-25
t3_k0ssez	China’s president Xi Jinping finally congratulates Joe Biden on election win		2020-11-25
t3_k0tp5h	McConnell Called Trump on Air Force One After Ginsburg Died, ‘Told’ the President ‘You’ve Gotta Nominate Amy Coney Barrett’: Report		2020-11-25
t3_k0zt1g	‘We’re at war with the virus, not with one another’: Biden delivers Thanksgiving address as nation reels from coronavirus		2020-11-25
t3_k0rq4b	Secretary of State Brad Raffensperger releases scathing op-ed criticizing President Trump		2020-11-25
t3_k0w03e	Biden’s IRS could finally give Trump’s tax returns to Democrats		2020-11-25
t3_k0vri0	Trump's about to turn the GOP into one long, humiliating episode of 'The Apprentice'		2020-11-25
t3_k0ss25	Twitter Users Mock Melania Trump's ‘Who Gives A F**k About Christmas’ Tree		2020-11-25
t3_k0urqy	Adam Schiff Says If Trump Pardons Flynn He'd Be 'Acting Like An Organized Crime Figure'		2020-11-25
t3_k0t1hf	Gaetz Urges Trump To Go Wild With Pardons, Including A Self-Pardon, To Own The Libs		2020-11-25
t3_k0tmzh	El Paso moves to collect outstanding debt from 2019 Trump campaign rally		2020-11-25
t3_k0kkvp	Trump Hasn’t Taken Questions From the Press in Three Weeks. He Just Held a Press Conference That Lasted 90 Seconds		2020-11-25
t3_k0ki19	Minnesota certifies Biden victory		2020-11-25
t3_k0rv3j	Trump's economic team accused of 'sabotaging' Biden before exiting		2020-11-25
t3_k0jm6y	McConnell Told Trump to Nominate Amy Coney Barrett on Night of Ginsburg's Death, Ex-Chief of Staff Says		2020-11-25
t3_k0lq56	Fox News Ratings Plummet After Election. Is President Trump’s Criticism the Cause?		2020-11-25
t3_k0q91z	How Trump’s conspiracy theories have inspired some supporters to boycott the Georgia runoffs		2020-11-25
t3_k0wd4c	Trump cancels plans to attend Pennsylvania GOP event on election		2020-11-25
t3_k0u20u	Trump to reportedly join Rudy Giuliani at Pennsylvania election event after aides 'tried talking him out of' going		2020-11-25
t3_k0w4pc	Rahm Emanuel doesn’t deserve a job in Biden’s administration		2020-11-25
t3_k0v7l7	Biden to receive first daily presidential briefing on Monday		2020-11-25
t3_k0yc64	"New Poll Shows 68% of Americans Want Senators to Block Any Corporate Biden Nominees | Progressives are calling on the president-elect to reject a ""Corporate Cabinet"" and instead pick ""people dedicated to working in service of the general welfare."""		2020-11-25
t3_k0zcsn	'Biff is president': Michael J. Fox says Trump has played on 'every worst instinct in mankind'		2020-11-25
t3_k0wmlm	Trump bails on surveillance treaty used to monitor Russia, guts program of resources		2020-11-25
t3_k0j6dp	Biden becomes first presidential candidate to win more than 80 million votes		2020-11-25
t3_k0tgk3	Georgia secretary of state says Trump threw him under bus despite his support		2020-11-25
t3_k12qwf	Trump suddenly irrelevant, Biden steals Thanksgiving spotlight with call for unity		2020-11-25
t3_k11x1z	Trump Complains On Speakerphone To PA GOP That No One Will 'Overturn' Election For Him		2020-11-25
t3_k0wtut	Trump’s transgender ban has harmed US military, experts find		2020-11-25
t3_k10zvu	"Mnuchin clawback may “sabotage” Biden by blocking $455B in COVID-19 funds — it may also be “illegal”. A watchdog says Mnuchin’s move violated the Cares Act. Democrats call it downright ""corrupt"""		2020-11-25
t3_k0r4z7	Trump to join Rudy Giuliana at a hotel in Pennsylvania for a Republican hearing into baseless voter fraud claims		2020-11-25
t3_k0uq8x	AOC and Ilhan Omar sign petition calling on Biden not to give Bruce Reed administration role		2020-11-25
t3_k0rwl3	Biden Promises Bill Providing Pathway to Citizenship for 11 Million Illegal Immigrants in First 100 Days		2020-11-25
t3_k13ard	Almost everything Trump said at a Republican event in Pennsylvania about the election was a lie or a conspiracy theory		2020-11-25
t3_k0qym5	Can Trump's lawyers be disciplined for making false claims?		2020-11-25
t3_k11o5n	DOJ Is Still Trying to Defend Trump Against Rape Accuser E. Jean Carroll’s Lawsuit During Lame-Duck Session		2020-11-25
t3_k0zwpq	Trump demands election results ‘overturned’ and claims GOP poll watchers ‘treated like a dog’		2020-11-25
t3_k12h7v	Joe Biden Should Investigate Trump, Dem Rep Argues: 'We Cannot Dismiss Accountability'		2020-11-25
t3_k0ml97	Biden officially tops 80 million votes, beating Obama's record by 10 million		2020-11-25
t3_k0zes8	Trump campaign sued for attempting to disenfranchise Black voters		2020-11-25
t3_k0r986	Biden searches for attorney general to restore Justice Dept.’s independence, refocus on civil rights		2020-11-25
t3_k0jv46	Trump campaign announces Arizona public hearing on election, but lawmakers say none is planned		2020-11-25
t3_k0kyt4	Donald Trump plans to pardon former national security adviser Michael Flynn – reports		2020-11-25
t3_k0qbo2	Canceling Student Debt Is Very Good. Biden Won’t Do It Unless We Make Him.		2020-11-25
t3_k0tmc3	AOC insists Joe Biden can forgive student loans by executive order despite constitutional questions		2020-11-25
t3_k0n40v	Trump's coup failed – but US democracy has been given a scare		2020-11-25
t3_k11y4x	Mueller prosecutor says next attorney general should investigate Trump		2020-11-25
t3_k10g9z	Bernie Sanders Criticizes Trump for Touting Dow Record as Millions of Americans Won't Have Enough Food on Thanksgiving		2020-11-25
t3_k0rpg4	Archbishop Gregory stood up to Trump. Now he’s about to be the first Black cardinal in U.S.		2020-11-25
t3_k0vvgw	60% of US Voters Support Biden Canceling $50,000 of Student Loan Debt Per Person: Poll		2020-11-25
t3_k0zjrf	Trump Knows His Lawsuits Don’t Stand a Chance, But He’s Using Them to Raise Money for His Next Move		2020-11-25
t3_k0qm85	Geraldo Rivera joins fellow Fox News host Laura Ingraham in urging viewers to accept Trump's defeat, saying he can't 'continue denying the results of the election'		2020-11-25
t3_k0w5xq	Republicans Are Really Trying to Argue that Biden’s Cabinet Picks Are Corrupt		2020-11-25
t3_k115zd	Trump calls into Pennsylvania hearing, rambles about voter fraud on speakerphone		2020-11-25
t3_k0zoxm	'Truly Grotesque': On Way Out the Door, Trump Prioritizes Bringing Back Executions by Firing Squad and Electrocution		2020-11-25
t3_k0uxvn	Georgia secretary of state says he's a Trump voter 'now being thrown under the bus by him'		2020-11-25
t3_k10by4	Trump's Tweets Attacking the Election Echo Russian Trolls		2020-11-25
t3_k0yqon	The Trump administration is aiming to bring back firing squads and electrocutions for some federal executions		2020-11-25
t3_k0obaj	Wisconsin officials: Trump observers obstructing recount		2020-11-25
t3_k0z706	Trump Lawyer Jenna Ellis Defends Truth Using Fake Teddy Roosevelt Quote | The campaign’s legal adviser posted a tweet using a quote falsely attributed to the 26th president defending truth.		2020-11-25
t3_k12bmp	"Pennsylvania AG and Lt. Gov blast Trump, ""fake"" GOP election hearing: ""devoid of reality"""		2020-11-25
t3_k0x266	Biden: I am not going to shut down the economy, period		2020-11-25
t3_k0k7de	Mike Pompeo Is a Global Arsonist. Can Biden Put Out His Fires? | The secretary of state is igniting diplomatic infernos left and right, leaving the next administration with untold damage on its hands.		2020-11-25
t3_k12s6a	"House Democrats seek list of Trump appointees ""burrowing in"" to Biden administration"		2020-11-25
t3_k0jrc7	Trump Is Said to Plan Pardon of Flynn		2020-11-25
t3_k13uia	Ocasio-Cortez doubles down on Biden keeping Emanuel out for 'covering up a murder'		2020-11-25
t3_k0xlfj	"Trump cancels trip to GOP fraud “hearing” at Pennsylvania Wyndham after Giuliani exposed to COVID-19. The campaign said similar ""hearings"" were planned in Michigan and Arizona, but that was news to GOP officials there"		2020-11-25
t3_k0t74f	Trump's bizarre Georgia play: He wants to show Republicans he's still the boss		2020-11-25
t3_k0uq91	Ga. GOP Secretary of State Says Trump 'Threw' His Family 'Under the Bus'		2020-11-25
t3_k0tigo	Obama criticizes Trump on pandemic response: 'It's not rocket science'		2020-11-25
t3_k0vbim	Trump’s Team Is Sabotaging the Transition		2020-11-25
t3_k0n63e	Sanction Trump’s Election Lawyers—Now!		2020-11-25
t3_k0u1nd	Putting Trump past us is like exiting an abusive relationship: it takes time. Under Trump many had a ‘collective hypervigilance and anxiety of what he might do next’, experts say – so how do we unpack these past four years?		2020-11-25
t3_k0t0ml	Fact check: Trump lawyer Sidney Powell falsely stated he won election 'by a landslide'		2020-11-25
t3_k0wk7g	Judge Rules Against Trump Ploy to Force Elderly Into Nursing Homes. Decision Blocks Effort to Keep States from Deducting Insurance, Union Dues from Home Healthcare Workers		2020-11-25
t3_k12fkx	Trump’s Lawyers Just Performed Another Embarrassing “Election Fraud” Show		2020-11-25
t3_k0vm1n	Joe Biden to deliver a Thanksgiving address seeking US unity		2020-11-25
t3_k13c26	Trump’s hopes sputter to end in Michigan. ‘It’s over, and they know it.’		2020-11-25
t3_k0qxw7	Trump Lawyer’s Latest Praise Of The President Goes Viral For All The Wrong Reasons : Jenna Ellis described Donald Trump as a “WARRIOR.” Critics had a field day.		2020-11-25
t3_k0zh1q	Trump pushing through dozens of last minute policy changes – including use of firing squads		2020-11-25
t3_k0pk8a	Trump Races to Weaken Environmental and Worker Protections, and Implement Other Last-Minute Policies, Before Jan. 20		2020-11-25
t3_k0nd17	Trump Reportedly Planning To Pardon Michael Flynn, Start Of Spree		2020-11-25
t3_k0q6ay	Trump Plans to Attend Republican Election Hearing With Giuliani		2020-11-25
t3_k0v7qa	Another Trump campaign advisor tests positive for coronavirus as Giuliani heads to Gettysburg		2020-11-25
t3_k0sjsl	A warning from Europe: Trump may be leaving, but right-wing populism is not		2020-11-25
t3_k0qrz6	Biden laid out his first 100 days in office and said he wouldn't use DOJ as his personal 'vehicle' to investigate Trump		2020-11-25
t3_k0zek5	Rouhani: Iran and US can return to time before Trump		2020-11-25
t3_k1043w	Trump’s handling of coronavirus pandemic ‘shambolic’, says Obama		2020-11-25
t3_k11tae	DOJ appeals ruling that said it can't take the place of Trump in E. Jean Carroll defamation suit		2020-11-25
t3_k0uf58	Canvassing board certifies Joe Biden's win in New Mexico		2020-11-25
t3_k10uhs	Trump rants about overturning the election even as administration begins transition to Biden		2020-11-25
t3_k0kaf1	Biden’s win brings new hope for peace deals with Denmark and Canada		2020-11-25
t3_k0wf6f	GA Secretary Of State: My Family Voted Trump And Was ‘Thrown Under The Bus’		2020-11-25
t3_k0uv7d	Trump’s Election Lies Failed, but the Damage Is Done | Trump’s supporters, already steeped in white grievance, are predictably receptive to the idea that “illegal voters” have succeeded in stealing their democracy.		2020-11-25
t3_k0uawe	Trump tweets string of falsehoods about Wisconsin absentee voters		2020-11-25
t3_k0zqlf	Biden gives Thanksgiving address from Delaware		2020-11-25
t3_k10ua8	White House Weighs Pardon Blitz Before Trump’s Exit		2020-11-25
t3_k0swn8	Biden says he hasn't heard from Trump directly		2020-11-25
t3_k0rrfe	What do Trump's 'Muslim ban,' Ukraine, and Biden smear campaigns have in common? Giuliani. |		2020-11-25
t3_k0r0vi	The Transition Delay Is Going to Cost Lives - Biden’s transition to the presidency may finally begin, but the ramifications of Trump’s lame-duck sabotage will linger well beyond Inauguration Day		2020-11-25
t3_k0lxlj	Ingraham admits Trump lost — and saying otherwise is “lying”: “This constitutes living in reality”		2020-11-25
t3_k0twoj	Joe Biden’s early picks for top advisors signal a return to stability, experience and sobriety		2020-11-25
t3_k0r3eo	Former Republican House speaker Paul Ryan tells Trump to concede and stop ‘undermining democracy’		2020-11-25
t3_k0jgvv	Janet Yellen, Biden’s Treasury Pick, Could Be Key To Confronting Climate		2020-11-25
t3_k0zb6z	Joe Biden becomes first presidential candidate in U.S. history to surpass 80 million votes		2020-11-25
t3_k0j044	Comment: The Damage Done, the Job Ahead — Expect Trump to keep lying from the sidelines, and for his followers to stand by him.		2020-11-25
t3_k0jukw	Trump tells confidants he plans to pardon Michael Flynn		2020-11-25
t3_k0o7wk	Biden transition event disorienting for its competence, normalcy		2020-11-25
t3_k0ll9c	“This Keeps Me Up at Night” Radicalization experts fear what Trump’s fringes will do now—and they aren’t certain how to stop it.		2020-11-25
t3_k0zp9f	President-elect Biden Delivers Thanksgiving Address		2020-11-25
t3_k101h5	Biden urges Americans to recommit to fighting pandemic in Thanksgiving address		2020-11-25
t3_k0te8w	President-Elect Biden Hits 80 Million Votes In Year Of Record Turnout		2020-11-25
t3_k0xkq3	Trump’s Embarrassingly Bad Legal Case in Pennsylvania No wonder his campaign kept swapping out its lawyers.		2020-11-25
t3_k0kves	'America is back': Biden formally introduces national security, foreign policy team		2020-11-25
t3_k0s17r	Biden Says It Would Be 'Difficult' To Lose Sanders Or Warren From Senate For Admin		2020-11-25
t3_k0k8ic	Pennsylvania officials tell court to reject Donald Trump campaign appeal as new lawsuit filed in Wisconsin		2020-11-25
t3_k11ip5	Column: Brace yourself for Trump’s scorched-earth attacks on health and safety		2020-11-25
t3_k13n1j	'Shameful': Progressives are angry Biden is considering a Cabinet post for Rahm Emanuel despite his handling of the police shooting of an unarmed Black teenager		2020-11-25
t3_k0k34c	Trump crams one last racist policy into his final days as president		2020-11-25
t3_k1169e	Joe Biden Says the U.S. Will Lead on Climate. But First He Has to Regain World Leaders' Trust		2020-11-25
t3_k124r4	How Democrats should exploit Trump’s continued effort to hold the GOP hostage		2020-11-25
t3_k0kxxw	Biden’s Appointment of John Kerry as Climate Envoy Sends a ‘Signal to the World,’ Advocates Say		2020-11-25
t3_k0yz88	Trump team’s bizarre legal fight channels the McCarthy era		2020-11-25
t3_k0jll7	Mueller 'pit bull' calls for Biden attorney general to investigate Trump		2020-11-25
t3_k0j6go	Trump and a Lesson in How Coups Fail		2020-11-25
t3_k0k3zh	Transition Gets Underway in Earnest as Biden Team Fans Out Across Capital		2020-11-25
t3_k0lrm0	A reliable pandemic forecasting model says cases will nearly double by Inauguration Day. As case numbers explode across the country, Biden is poised to inherit a drastically worse crisis		2020-11-25
t3_k0x19o	Trump Legal Team Wants Rudy Giuliani to Argue in Federal Court Again, But There Are Some Problems		2020-11-25
t3_k10put	Joe Biden calls for shared sacrifice to fight the pandemic as Trump rails about baseless election accusations		2020-11-25
t3_k0wlug	Trump lawyer details far-fetched strategy to reverse Pennsylvania win for Biden		2020-11-25
t3_k0mgqg	Donald Trump ‘plans to pardon’ former aide Michael Flynn		2020-11-25
t3_k14dck	Trump takes his fraud claims to a hotel ballroom — by phone		2020-11-25
t3_k0vsz3	Losing Hasn’t Changed Trump’s Stance on White Supremacy		2020-11-25
t3_k0r99r	Black voters concerned that Trump campaign's efforts to overturn election targeted them		2020-11-25
t3_k0spjx	Trump shares bizarre videos and tweets by actor Randy Quaid about voter fraud, Fox News		2020-11-25
t3_k11ggr	Trump refuses to accept Biden's win as transition proceeds		2020-11-25
t3_k0w5uj	Biden Announces First LGBTQ+ Appointee in His Administration		2020-11-25
t3_k0r8i1	'Never Trumpers' Admit Trump Has Taken Over GOP, But They're Staying To Fight		2020-11-25
t3_k0tynj	Michigan lawmakers told Trump they have no role in election		2020-11-25
t3_k0qrcf	Trump carries on a fight everyone else is abandoning		2020-11-25
t3_k0qdok	Explainer: Can Trump's lawyers be disciplined for making false claims?		2020-11-25
t3_k1dokd	Trump's inner circle is telling him that Giuliani and the rest of his legal team are making him look like an idiot, report says		2020-11-26
t3_k16as8	Steve Schmidt: ‘We’ve entered the corrupt pardon phase of the Trump coup’		2020-11-26
t3_k1fhlv	Mueller prosecutor says Trump should be investigated and face charges after leaving office		2020-11-26
t3_k1cko2	Obama says lives could have been saved if Trump hadn't disbanded pandemic response unit		2020-11-26
t3_k15yeb	‘Absolutely No Allegations of Any Fraud’: Pa. Court Rejects Trump Campaign’s Appeal Over 69 Mail-In Ballots		2020-11-26
t3_k1g099	Pranksters have claimed a Trump 2024 campaign website domain which labels Trump a 'loser'		2020-11-26
t3_k1dsa2	Donor Sues Pro-Trump Group for $2.5 Million for Failing to Prove Voter Fraud		2020-11-26
t3_k1lnms	Trump Is About to Hand Over Sacred Apache Land to a Mining Company		2020-11-26
t3_k17277	Giuliani thinks Trump ‘may have won Virginia’ despite Biden winning state by nearly half a million votes		2020-11-26
t3_k1ezlz	Trump’s conspiracies have MAGA world talking Georgia boycott		2020-11-26
t3_k1as4m	El Paso lawyered up to try and collect $570,000 owed to the city by the Trump campaign from a rally 2 years ago		2020-11-26
t3_k1g08g	Ex-Trump lawyer Sidney Powell files typo-filled lawsuits in Michigan, Georgia		2020-11-26
t3_k1in3b	Why Biden shouldn't extend an olive branch to Republicans		2020-11-26
t3_k1en3v	Donald Trump Retweets Call to Pardon Himself		2020-11-26
t3_k1ca3s	Trump urges Americans to ‘gather’ for Thanksgiving in direct contradiction of official Covid guidance		2020-11-26
t3_k17xny	Pro-Trump Group Donor Sues Over Failure to Expose Election Fraud		2020-11-26
t3_k1i58k	Why Biden Has It Harder Than FDR and Lincoln — They had big congressional majorities to pass the New Deal and fund the Union Army. Biden is the rare crisis president without the majorities he needs.		2020-11-26
t3_k1ghc7	Donor sues pro-Trump group over failure to prove voter fraud: 'Empty promises'		2020-11-26
t3_k1gtvp	Indian country showed up to beat Trump. How can you show up for Indian country?		2020-11-26
t3_k1oj3g	Trump supporters reportedly calling for boycott of key Georgia Senate races		2020-11-26
t3_k1hz0i	Shame the Random, Unknown Government Officials Aiding Trump’s Coup Attempt		2020-11-26
t3_k1eqs1	Want to Be Like FDR, Joe Biden? Make Your Thanksgiving Proclamations Rallying Cries - The 32nd president used every tool—even Thanksgiving Proclamations—to promote a moral vision for social and economic justice. Biden should do the same.		2020-11-26
t3_k18fep	'Wounded' Trump caves on Biden transition as allies abandon him		2020-11-26
t3_k178xy	Over 30 Trump Campaign Lawsuits Have Failed. Some Rulings Are Scathing. As President Trump continues to litigate the 2020 election, some judges have lost all patience. Here are some excerpts of their rulings.		2020-11-26
t3_k1at5v	Representatives for 'Tiger King's' Joe Exotic are said to be chasing Trump down for a pardon and spending thousands of dollars to get it		2020-11-26
t3_k1k1dk	"Ex-GOP Pennsylvania governor condemns Trump's Gettysburg meeting as attempt ""to undermine the republic"""		2020-11-26
t3_k1p866	Trump says he will leave the White House if Electoral College votes for Biden		2020-11-26
t3_k1fr77	Trump’s Last Act: Risking National Security to Honor the Confederacy. He promises to veto the Defense Appropriations Authorization Act if it forces to Pentagon to change the names of bases and ships.		2020-11-26
t3_k1e6ky	Obama says Republicans won votes for Trump by wrongly framing white men as victims		2020-11-26
t3_k1f7lj	Joe and Jill Biden in Thanksgiving op-ed: 'We can be apart without being alone'		2020-11-26
t3_k1cwkm	Donald Trump Is the Ultimate Super-Spreader | Trump didn’t merely bungle this country’s pandemic response; he stoked the flames of this third and largest surge.		2020-11-26
t3_k1h7nv	Get ready for Donald Trump’s shadow government — via Twitter and Fox News: Other Republicans, in fear of the wrath of Trump’s supporters, will obstruct Joe Biden at every turn.		2020-11-26
t3_k1gz8z	Trump’s Thanksgiving Message Urges People To ‘Gather,’ Despite Raging Pandemic		2020-11-26
t3_k169vg	Donald Trump Shares Deep State Conspiracy Article That Says 'We Are at War'		2020-11-26
t3_k1jggr	Leading House Dems Demand 'Full Accounting' on Trump Order Allowing Purge of Federal Workforce		2020-11-26
t3_k1o6m0	Comedians Buy Trump 2024 Website Domain to Call President a 'Loser'		2020-11-26
t3_k1fxbr	Trump shares tweet saying he should pardon himself, rest of his admin		2020-11-26
t3_k1hyjh	Biden takes his cue from Muhammad Ali as he copes with a dope — As Ali did with Foreman, Biden has let his rival punch himself out.		2020-11-26
t3_k1mhcs	Trump retweets post from GOP ally Matt Gaetz suggesting the president pardon himself and whole administration		2020-11-26
t3_k1mlgj	Midnight Ruling Exposes Rifts at a Supreme Court Transformed by Trump		2020-11-26
t3_k1exsn	Obama says Republicans portrayed white men as ‘victims’ to win votes for Trump		2020-11-26
t3_k1j285	Biden Urged to 'Honor Indigenous Sovereignty and Immediately Halt' Fossil Fuel Pipelines		2020-11-26
t3_k1i6ol	Investor Sues to Get His $2.5 Million Back After Supporting True the Vote’s Flailing Pro-Trump Election Suits.		2020-11-26
t3_k17k4y	Trump wages war on our country and the rule of law one last time		2020-11-26
t3_k1e7r8	Trump retweets congressman urging him to pardon himself		2020-11-26
t3_k1m30w	Some Trump voters still believe he can retain the presidency		2020-11-26
t3_k1i78k	PA Lt. Governor to Trump lawyer Giuliani: Where's the voter fraud? | Rudy Giuliani and Donald Trump are still attacking Pennsylvania's election results. The commonwealth's Lt. Governor John Fetterman says the evidence for that fraud simply does not exist.		2020-11-26
t3_k1fqxm	Biden predicted a GOP 'epiphany' after the election. Trump's standing in the way.		2020-11-26
t3_k19487	Over phone, Trump tells Pennsylvania hearing U.S. election must be ‘turned around’		2020-11-26
t3_k17yc5	Biden Urged to 'Honor Indigenous Sovereignty and Immediately Halt' Fossil Fuel Pipelines		2020-11-26
t3_k1guvu	Bidens Highlight 'Sacrifice' of Staying Home for Thanksgiving While Trump Urges Americans to Gather		2020-11-26
t3_k1pktd	Donald Trump says he will leave the White House if Joe Biden is confirmed by electoral college		2020-11-26
t3_k1gsph	Biden to face test over access to sensitive information as he inherits Trump's secret server		2020-11-26
t3_k1gw51	Trump’s baseless election fraud claims in Georgia turn Senate runoffs into a ‘high-wire act’ for Republicans		2020-11-26
t3_k1p3nm	Trump Supporters Want to Boycott the Georgia Runoffs. Is Their Threat Genuine?		2020-11-26
t3_k1m6vv	Teddy Roosevelt relative joins mockery of Trump ‘elite strike force’ lawyer for misquoting his ancestor: The former president’s great-grandson mocked Jenna Ellis’s ‘ifea’ defence for misquote		2020-11-26
t3_k1cb5e	Trump Retweets Rep. Matt Gaetz Urging Him to Pardon Himself		2020-11-26
t3_k1720h	Biden promises some student loan forgiveness. Student borrowers hope he delivers.		2020-11-26
t3_k1o9e2	Ex-Trump Lawyer Sidney Powell Mocked For Typo-Laden Lawsuits		2020-11-26
t3_k1l51b	They’re Baaack: Trump and Allies Still Refuse Election Loss		2020-11-26
t3_k1ndvj	Error-riddled lawsuit filed in Georgia by Ex-Trump lawyer		2020-11-26
t3_k1ofbw	Justice Department appeals order it cannot rep. Trump in E. Jean Carroll case		2020-11-26
t3_k1mojr	Trump administration removes experts from Defense Policy Board		2020-11-26
t3_k1ie4m	‘A polite coup d’etat’: Trump and allies continue baseless claims on U.S. election		2020-11-26
t3_k1g86b	They're baaack: Trump and allies still refuse election loss		2020-11-26
t3_k1powx	Trump says it will be 'a very hard thing' to concede to Biden		2020-11-26
t3_k1p8x2	US election result: Trump comes step closer to conceding as he says he will respect Electoral College vote		2020-11-26
t3_k1gz8v	Secluded and deluded: Trump’s post-election actions show a mad-monarch mindset		2020-11-26
t3_k1oemk	‘I know this isn’t the way we hoped we’d spend our holiday’: Bidens send a Thanksgiving message to the nation		2020-11-26
t3_k1a37f	Trump fixates on bogus election claims, leaves Americans struggling without Covid relief		2020-11-26
t3_k1h61e	Trump Races to Weaken Environmental and Worker Protections, and Implement Other Last-Minute Policies, Before Jan. 20		2020-11-26
t3_k1ep1i	Trump Tweets Bogus Poll Backing His Refusal to Concede		2020-11-26
t3_k1p2pk	‘Loser’: How a Lifelong Fear Bookended Trump’s Presidency. The president’s inability to concede the election is the latest reality-denying moment in a career preoccupied with an epithet.		2020-11-26
t3_k1jqka	New Rule Would Allow U.S. to Use More Methods for Executions — The rule, which would permit methods including firing squads and electrocution, comes as the administration rushes to execute five more prisoners before President Trump’s term ends.		2020-11-26
t3_k1j9gh	Citing conspiracy theories, Michigan GOP electors ask court to name Trump winner		2020-11-26
t3_k1e1r5	A sweet Thanksgiving after all: America has rebuffed Trump's assault on democracy		2020-11-26
t3_k1ndor	Donald Trump should pardon Joe Exotic and himself to combat ‘radical left bloodlust’, says congressman		2020-11-26
t3_k1l7ht	DOJ to Appeal Judge's Injunction Against 'Cruel, Unprecedented Policy' of Deporting Migrant Children | The Trump administration—which has denied the severity of the coronavirus pandemic and seized infants from their parents—claims it is acting in the interest of public health and children.		2020-11-26
t3_k1eyky	They’re baaack: Trump and allies still refuse election loss		2020-11-26
t3_k1q2fd	"After Trump retweets call to pardon himself, Fox News asks ""can he?"""		2020-11-26
t3_k16xcm	Biden victory in hand, Black church get-out-the-vote workers assess the future		2020-11-26
t3_k1qmwz	Noam Chomsky: Trump Has Revealed the Extreme Fragility of American Democracy		2020-11-26
t3_k1po3b	Trump Is Leaving the White House. Meanwhile, He’s Escalating His Execution Spree.		2020-11-26
t3_k1ik5o	Trump’s Last Act: Risking National Security to Honor the Confederacy — He promises to veto the Defense Appropriations Authorization Act if it forces Pentagon to change the names of bases and ships.		2020-11-26
t3_k1jara	Trump Rushes to Weaken Environmental and Worker Protections Before January 20		2020-11-26
t3_k1igbf	Trump Is Trying to Bring Back Firing Squads		2020-11-26
t3_k19nd4	Biden and Harris to skip big Thanksgiving celebrations		2020-11-26
t3_k17428	What happens if Trump gets pardon-happy in his final days in office		2020-11-26
t3_k16m05	Journalist Carl Bernstein says Sen. Rob Portman despises Trump. Spokeswoman says that's not true.		2020-11-26
t3_k1ezsv	Joe Biden Defends His Cabinet Choices: 'This Is Not A Third Obama Term'		2020-11-26
t3_k1pwhs	Trump says he will leave if electoral college votes for Biden		2020-11-26
t3_k1h3fq	No Pardon Can Save Trump’s Terrible Thanksgiving		2020-11-26
t3_k15p9e	Donald Trump still believes US election was ‘rigged’		2020-11-26
t3_k1e6zb	Only a quarter of Republicans believe Donald Trump should concede		2020-11-26
t3_k1dp4g	"Barack Obama has taken a swipe at Hispanic voters who chose Donald Trump, accusing them of ignoring the US president's ""racist"" comments."		2020-11-26
t3_k1n0su	In Georgia, Republicans juggle Biden win and Trump loyalties		2020-11-26
t3_k1pmcb	Column: Trump does his worst to make Biden's job even tougher		2020-11-26
t3_k19tun	Federal Court Rejects Challenge To Trump's Push To Alter A Key Census Count		2020-11-26
t3_k19s2w	Immigrant advocates to Biden: Be better than Obama		2020-11-26
t3_k1ptd8	Trump says he'll leave White House if Biden declared winner of Electoral College		2020-11-26
t3_k1qpk7	In Thanksgiving Message, Trump Says ‘We’re Like a Third-World Country’ Because He Lost Election		2020-11-26
t3_k1nj9u	China is likely to be Biden’s biggest cybersecurity challenge		2020-11-26
t3_k1pohl	Trump Says He Will Leave the White House if Electoral College Votes for Biden		2020-11-26
t3_k1gch7	Biden tries to spread calm, as some Democrats worry about his willingness to fight		2020-11-26
t3_k1p3lo	Trump Sought Options for Attacking Iran to Stop Its Growing Nuclear Program		2020-11-26
t3_k1pgg0	Trump Defiant in Thanksgiving Remarks, Unwilling to Concede		2020-11-26
t3_k1fqf3	Joe and Jill Biden: Our most important Thanksgiving tradition		2020-11-26
t3_k1ijh0	Trump Shared a Tweet Saying He Should Pardon Himself, and Joe Exotic		2020-11-26
t3_k1q67z	Just In: Trump says he'll leave White House if Biden declared winner of Electoral College		2020-11-26
t3_k1pss6	Donald Trump says he will leave White House if electoral college votes for Joe Biden		2020-11-26
t3_k1r17h	Man sues for refund of $2.5m he donated to Trump election challenge group		2020-11-26
t3_k1o3jz	MIT's Ernie Moniz Is On Biden's Short List For Energy Secretary — Thrilling Energy Wonks But Disappointing Progressives		2020-11-26
t3_k1jbye	Where does the Trump team go next with its legal complaints? Nowhere fast		2020-11-26
t3_k1d9vf	Strongmen review: a chilling history for one nation no longer under Trump		2020-11-26
t3_k1iwvy	Fact-checking Trump’s cellphone rant of election falsehoods		2020-11-26
t3_k1gjjk	Biden's Next Climate Chief Will Tackle 'Existential Threat' At Home		2020-11-26
t3_k1qq5l	President Trump will spend his last months in office pardoning turkeys: President Trump will spend the last two months in office giving a pass to all the felons, chancers, and ne’er-do-wells who supported and enabled him. Strap in.		2020-11-26
t3_k1c1h2	Xi Jinping calls to congratulate Joe Biden on election win		2020-11-26
t3_k1hzfe	Tulsi Gabbard Urges Donald Trump to Pardon Edward Snowden and Julian Assange		2020-11-26
t3_k1em7w	Bolsonaro takes swipe at Biden and again dismisses Covid deaths		2020-11-26
t3_k1jy86	The Other America: The New Politics of the Poor in Joe Biden’s (and Mitch McConnell’s) USA		2020-11-26
t3_k1b6nz	In Trump and Biden, reality and fantasy collide on Thanksgiving		2020-11-26
t3_k16g6m	Flournoy gets progressive boost in Biden's search for Pentagon chief		2020-11-26
t3_k1qxtt	'I'm the President of the United States!': Trump flips out on reporter		2020-11-26
t3_k1ixt6	They're baaack: Trump and allies still refuse election loss		2020-11-26
t3_k1kea4	Yes, Trump can pardon himself — but it's a risky move that won't protect him from all prosecutions he could face		2020-11-26
t3_k1q0aw	Angry Trump promises rally in battleground state of Georgia		2020-11-26
t3_k1a2et	Biden seeks unity as Trump stokes fading embers of campaign		2020-11-26
t3_k1h510	Trump set for precedent breaking lame-duck period		2020-11-26
t3_k1qwrl	Trump Says He’s Not Thankful, Refuses To Say If He Will Attend Biden Inauguration		2020-11-26
t3_k1o6fk	Joe Biden dreams of a healing nation. For now, a dream is about all he’s got		2020-11-26
t3_k1qiwk	Trump says he'll travel to Georgia to support Republican Senate candidates in runoff election		2020-11-26
t3_k1eidz	Defeat Trump. OK, Now Comes the Hard Part.		2020-11-26
t3_k1iro9	Julian Assange’s partner appeals to Trump to pardon him		2020-11-26
t3_k1dr3y	Trump's next two months of mayhem		2020-11-26
t3_k1qr9c	Overseas celebrations after Biden-Harris win		2020-11-26
t3_k1j4uj	Vaccine skepticism emerges as early test for Biden		2020-11-26
t3_k1eelw	As Biden administration ramps up, Trump legal effort drags on		2020-11-26
t3_k1qf53	Angry Trump promises rally in battleground state of Georgia		2020-11-26
t3_k1ik8e	Biden, Trump celebrate Thanksgiving quietly at home as pandemic rages		2020-11-26
t3_k1dp1j	The Biden Presidency Already Has Its First Conspiracy Theory: The Great Reset : Usually, you become president before the crazy starts. But Biden still has weeks to go till he assumes office.		2020-11-26
t3_k1hoai	Polling Shows Why Trump Will Retain His Bully Pulpit With the GOP Base Even After He Leaves Office: GOP voters see the president -- not his allies in Congress -- as their champion, and most would back him in 2024.		2020-11-26
t3_k1gqzc	Trump can be the greatest loser		2020-11-26
t3_k1edco	Joe Biden considers Roger Ferguson to lead National Economic Council, Gary Gensler for Deputy Treasury Secretary		2020-11-26
