"Name"	"Title"	"Coding"	"date"
"t3_jzjwz1"	"100 Republican national security experts demand GOP admit Trump loss"	" "	"20201123"
"t3_jzka2y"	"Pro-Trump Attorney Urges Republicans Not to Vote in Georgia Runoff"	" "	"20201123"
"t3_jzos3p"	"It’s Time To Consider Sanctions for Trump’s Legal Team"	" "	"20201123"
"t3_jzj8y9"	"Republican pollster: Trump's false 'rigged' election claims may hurt GOP chances of keeping Senate"	" "	"20201123"
"t3_jz9j48"	"Kasich: Republicans 'either in complete lockstep' or 'afraid' of Trump"	" "	"20201123"
"t3_jzcmj4"	"New Zealand leader Ardern offers virus know-how to Joe Biden | New Zealand Prime Minister Jacinda Ardern has become the latest world leader to congratulate President-elect Joe Biden on his election victory, saying she offered to share her nation’s expertise on dealing the coronavirus"	" "	"20201123"
"t3_jzny0i"	"Pennsylvania Republicans Voted Against Certifying Vote in County Trump Won by 22,000"	" "	"20201123"
"t3_jzd94c"	"Carl Bernstein Names Names: 21 GOP Senators Who've Privately Ripped Trump"	" "	"20201123"
"t3_jzis4d"	"Will Trump’s Accusers Finally Get Their Day In Court? | He soon will be unable to hide from the women suing him for defamation."	" "	"20201123"
"t3_jzji16"	"Trump's closest business ally just admitted that the president lost the election"	" "	"20201123"
"t3_jzrlc7"	"Maine certifies Biden’s victory in the state’s election"	" "	"20201123"
"t3_jzqg3e"	"Trump campaign suffers new court loss in attempt to block Biden’s win in Pennsylvania"	" "	"20201123"
"t3_jz8ss3"	"Trump May Announce His 2024 Bid Before Year’s End"	" "	"20201123"
"t3_jzn0c8"	"Biden taps John Kerry as Special Presidential Envoy for Climate, marking the first time the NSC will have an official dedicated to climate change"	" "	"20201123"
"t3_jzobu4"	"Behind the scenes, Trump frustrated with his legal team's maneuvers"	" "	"20201123"
"t3_jzmeyu"	"New report details Trump effort to seize thousands of acres of private land for border wall"	" "	"20201123"
"t3_jzozd1"	"Why the Trump campaign’s big legal flameout in Pennsylvania seems like a turning point, even for Republicans"	" "	"20201123"
"t3_jziwyr"	"What if Trump won’t leave the White House? A hostage negotiator, an animal-control officer, and a toddler whisperer have advice"	" "	"20201123"
"t3_jzk79i"	"Former GOP Ohio Governor Says Republicans Are Either ‘Afraid’ or ‘in Complete Lockstep’ With Trump"	" "	"20201123"
"t3_jztjh2"	"National Embarrassment Donald Trump Worried Lawyers Are Sullying His Pristine Reputation"	" "	"20201123"
"t3_jzntq8"	"GM flips to California’s side in emissions lawsuit against Trump admin"	" "	"20201123"
"t3_jz8ywc"	"Trump campaign legal team distances itself from Powell"	" "	"20201123"
"t3_jzsna1"	"King of Jordan becomes first Arab leader to speak with President-elect Biden"	" "	"20201123"
"t3_jzmemb"	"Trump Lawyer Tries To Toss Out His Own Vote In Wisconsin Recount"	" "	"20201123"
"t3_jzst4r"	"Trump fears Giuliani, other lawyers in Biden vote challenge are 'fools that are making him look bad'"	" "	"20201123"
"t3_k05kkv"	"Every Day Trump Repeatedly Emails His Supporters a Dangerous Message: Democracy Doesn’t Work. Be outraged, don’t accept the election results…and send money."	" "	"20201124"
"t3_jzv0k7"	"Politicizing masks ‘is like politicizing toilet paper,’ Biden coronavirus adviser says"	" "	"20201124"
"t3_k047z0"	"Press: Trump's biggest fear is — lock him up"	" "	"20201124"
"t3_k07u24"	"Pennsylvania governor: Democrat Joe Biden certified as winner of presidential election in state"	" "	"20201124"
"t3_k07q55"	"Joe Biden crosses 80 million votes, 10 million more than Obama got"	" "	"20201124"
"t3_k08659"	"Pennsylvania certifies Biden victory"	" "	"20201124"
"t3_k09pwl"	"Atlanta Hawks Arena, Which Played Huge Role in Biden Winning Georgia, to be Used Again for Senate Runoffs"	" "	"20201124"
"t3_k07jm6"	"Column: Trump lost and his lawsuits are garbage. But please keep donating! The grift must go on."	" "	"20201124"
"t3_k0feo8"	"Georgia Republican Voters Consider Boycott Of Special Senate Election In Support Of Trump"	" "	"20201124"
"t3_k09pft"	"Pennsylvania Supreme Court rejects Trump campaign's effort to block counting certain absentee ballots"	" "	"20201124"
"t3_k0359b"	"It's over for Trump"	" "	"20201124"
"t3_k034z9"	"The Trump administration may privatize Fannie Mae and Freddie Mac — and it could disrupt the nation’s housing-finance system"	" "	"20201124"
"t3_k0bpfr"	"Two more parting shots from Trump aimed squarely at disabled workers"	" "	"20201124"
"t3_k01a73"	"After Chaotic 4 Years, Wall St. Is Itching to Unfollow @realDonaldTrump - President Trump turned his Twitter feed into a singular source of market volatility. Now, investors are looking forward to markets free of presidential tweets."	" "	"20201124"
"t3_k041rg"	"Europe hopes for reset, end to ‘damage control’ under Biden"	" "	"20201124"
"t3_k0d7kj"	"Trump administration wants to cut food stamps to thousands of seniors, lawmakers say"	" "	"20201124"
"t3_jzwige"	"PA Supreme Court rejects Trump challenge to absentee ballots in Allegheny County"	" "	"20201124"
"t3_k0f0zp"	"Watch Trump's Stock Market Collapse Prediction Go Down in Flames"	" "	"20201124"
"t3_k03ye7"	"Immigration Advocates Push Biden to Not Just Bring Back DACA But Expand It"	" "	"20201124"
"t3_k0e454"	"Paul Ryan calls on Trump to concede and end lawsuits"	" "	"20201124"
"t3_k0dlh2"	"Trump's DOJ Backs Down on Deporting Women Alleging ICE Gynecological Abuse"	" "	"20201124"
"t3_jzw3mj"	"Biden names climate statesman John Kerry as climate envoy — President-elect Joe Biden has picked climate-change older statesman John Kerry for a newly created role of climate envoy for national security"	" "	"20201124"
"t3_k0anru"	"Trump pops into White House briefing room for one-minute impromptu speech"	" "	"20201124"
"t3_k0g55x"	"Treasury Secretary Mnuchin is moving $455 billion of unspent stimulus money into a fund the incoming Biden administration can't deploy without Congress"	" "	"20201124"
"t3_k08b0h"	"Pennsylvania certifies Biden as winner of presidential vote"	" "	"20201124"
"t3_k0ujll"	"Trump adviser who was with Giuliani at press conference tests positive for coronavirus"	" "	"20201125"
"t3_k0ve3q"	"Prosecuting Trump is the only way to heal the nation"	" "	"20201125"
"t3_k0sg86"	"Schiff on possible Flynn pardon: Trump is 'acting like an organized crime figure'"	" "	"20201125"
"t3_k0ysz6"	"Scarborough says he'll never return to Republican party after GOP supported Trump"	" "	"20201125"
"t3_k0ssez"	"China’s president Xi Jinping finally congratulates Joe Biden on election win"	" "	"20201125"
"t3_k0rq4b"	"Secretary of State Brad Raffensperger releases scathing op-ed criticizing President Trump"	" "	"20201125"
"t3_k0lq56"	"Fox News Ratings Plummet After Election. Is President Trump’s Criticism the Cause?"	" "	"20201125"
"t3_k0yc64"	"New Poll Shows 68% of Americans Want Senators to Block Any Corporate Biden Nominees | Progressives are calling on the president-elect to reject a \"Corporate Cabinet\" and instead pick \"people dedicated to working in service of the general welfare.\""	" "	"20201125"
"t3_k13ard"	"Almost everything Trump said at a Republican event in Pennsylvania about the election was a lie or a conspiracy theory"	" "	"20201125"
"t3_k11o5n"	"DOJ Is Still Trying to Defend Trump Against Rape Accuser E. Jean Carroll’s Lawsuit During Lame-Duck Session"	" "	"20201125"
"t3_k0jv46"	"Trump campaign announces Arizona public hearing on election, but lawmakers say none is planned"	" "	"20201125"
"t3_k0n40v"	"Trump's coup failed – but US democracy has been given a scare"	" "	"20201125"
"t3_k0qm85"	"Geraldo Rivera joins fellow Fox News host Laura Ingraham in urging viewers to accept Trump's defeat, saying he can't 'continue denying the results of the election'"	" "	"20201125"
"t3_k0z706"	"Trump Lawyer Jenna Ellis Defends Truth Using Fake Teddy Roosevelt Quote | The campaign’s legal adviser posted a tweet using a quote falsely attributed to the 26th president defending truth."	" "	"20201125"
"t3_k0qxw7"	"Trump Lawyer’s Latest Praise Of The President Goes Viral For All The Wrong Reasons : Jenna Ellis described Donald Trump as a “WARRIOR.” Critics had a field day."	" "	"20201125"
"t3_k0pk8a"	"Trump Races to Weaken Environmental and Worker Protections, and Implement Other Last-Minute Policies, Before Jan. 20"	" "	"20201125"
"t3_k1043w"	"Trump’s handling of coronavirus pandemic ‘shambolic’, says Obama"	" "	"20201125"
"t3_k10uhs"	"Trump rants about overturning the election even as administration begins transition to Biden"	" "	"20201125"
"t3_k0jukw"	"Trump tells confidants he plans to pardon Michael Flynn"	" "	"20201125"
"t3_k0o7wk"	"Biden transition event disorienting for its competence, normalcy"	" "	"20201125"
"t3_k0te8w"	"President-Elect Biden Hits 80 Million Votes In Year Of Record Turnout"	" "	"20201125"
"t3_k0k34c"	"Trump crams one last racist policy into his final days as president"	" "	"20201125"
"t3_k1169e"	"Joe Biden Says the U.S. Will Lead on Climate. But First He Has to Regain World Leaders' Trust"	" "	"20201125"
"t3_k0j6go"	"Trump and a Lesson in How Coups Fail"	" "	"20201125"
"t3_k0k3zh"	"Transition Gets Underway in Earnest as Biden Team Fans Out Across Capital"	" "	"20201125"
"t3_k17277"	"Giuliani thinks Trump ‘may have won Virginia’ despite Biden winning state by nearly half a million votes"	" "	"20201126"
"t3_k1g08g"	"Ex-Trump lawyer Sidney Powell files typo-filled lawsuits in Michigan, Georgia"	" "	"20201126"
"t3_k1ca3s"	"Trump urges Americans to ‘gather’ for Thanksgiving in direct contradiction of official Covid guidance"	" "	"20201126"
"t3_k1gtvp"	"Indian country showed up to beat Trump. How can you show up for Indian country?"	" "	"20201126"
"t3_k1eqs1"	"Want to Be Like FDR, Joe Biden? Make Your Thanksgiving Proclamations Rallying Cries - The 32nd president used every tool—even Thanksgiving Proclamations—to promote a moral vision for social and economic justice. Biden should do the same."	" "	"20201126"
"t3_k1fr77"	"Trump’s Last Act: Risking National Security to Honor the Confederacy. He promises to veto the Defense Appropriations Authorization Act if it forces to Pentagon to change the names of bases and ships."	" "	"20201126"
"t3_k1mhcs"	"Trump retweets post from GOP ally Matt Gaetz suggesting the president pardon himself and whole administration"	" "	"20201126"
"t3_k1exsn"	"Obama says Republicans portrayed white men as ‘victims’ to win votes for Trump"	" "	"20201126"
"t3_k1720h"	"Biden promises some student loan forgiveness. Student borrowers hope he delivers."	" "	"20201126"
"t3_k1l7ht"	"DOJ to Appeal Judge's Injunction Against 'Cruel, Unprecedented Policy' of Deporting Migrant Children | The Trump administration—which has denied the severity of the coronavirus pandemic and seized infants from their parents—claims it is acting in the interest of public health and children."	" "	"20201126"
"t3_k1po3b"	"Trump Is Leaving the White House. Meanwhile, He’s Escalating His Execution Spree."	" "	"20201126"
"t3_k16m05"	"Journalist Carl Bernstein says Sen. Rob Portman despises Trump. Spokeswoman says that's not true."	" "	"20201126"
"t3_k1ezsv"	"Joe Biden Defends His Cabinet Choices: 'This Is Not A Third Obama Term'"	" "	"20201126"
"t3_k1h3fq"	"No Pardon Can Save Trump’s Terrible Thanksgiving"	" "	"20201126"
"t3_k1p3lo"	"Trump Sought Options for Attacking Iran to Stop Its Growing Nuclear Program"	" "	"20201126"
"t3_k1pgg0"	"Trump Defiant in Thanksgiving Remarks, Unwilling to Concede"	" "	"20201126"
"t3_k1ijh0"	"Trump Shared a Tweet Saying He Should Pardon Himself, and Joe Exotic"	" "	"20201126"
"t3_k1gjjk"	"Biden's Next Climate Chief Will Tackle 'Existential Threat' At Home"	" "	"20201126"
"t3_k1b6nz"	"In Trump and Biden, reality and fantasy collide on Thanksgiving"	" "	"20201126"
"t3_k1qxtt"	"'I'm the President of the United States!': Trump flips out on reporter"	" "	"20201126"
"t3_k1kea4"	"Yes, Trump can pardon himself — but it's a risky move that won't protect him from all prosecutions he could face"	" "	"20201126"
"t3_k1iro9"	"Julian Assange’s partner appeals to Trump to pardon him"	" "	"20201126"
"t3_k1eelw"	"As Biden administration ramps up, Trump legal effort drags on"	" "	"20201126"
"t3_k1ik8e"	"Biden, Trump celebrate Thanksgiving quietly at home as pandemic rages"	" "	"20201126"
"t3_k1gqzc"	"Trump can be the greatest loser"	" "	"20201126"
